0 240 0.000000 3.087500
0.000000 3561.370117 0.000306 0.012500 3574.401123 0.001496 0.025000 3576.801025 0.004296 0.037500 3577.044922 0.007791 0.050000 3585.955811 0.008686 0.062500 3565.709961 0.010901 0.075000 3539.982178 0.007890 0.087500 3514.952881 0.007224 0.100000 3535.203369 0.015378 0.112500 3540.323242 0.013758 0.125000 3544.293457 0.010985 0.137500 3514.674072 0.014043 0.150000 3514.435547 0.011239 0.162500 3515.207031 0.009359 0.175000 3549.371582 0.011401 0.187500 3556.354980 0.012407 0.200000 3555.503174 0.010764 0.212500 3554.232178 0.008608 0.225000 3550.353027 0.006559 0.237500 3544.179688 0.004873 0.250000 3546.234375 0.003179 0.262500 3561.142578 0.003445 0.300000 3576.443359 0.006487 0.312500 3603.236572 0.007497 0.325000 3603.423340 0.006128 0.337500 3602.879395 0.004342 0.350000 3577.950928 0.004711 0.362500 3578.037109 0.005827 0.375000 3579.032715 0.007096 0.387500 3580.197754 0.007649 0.400000 3580.888916 0.007732 0.412500 3581.059082 0.007293 0.450000 3591.961426 0.003143 0.462500 3591.117920 0.003051 0.475000 3589.572754 0.002799 0.487500 3583.977295 0.002383 0.500000 3579.875244 0.002943 0.512500 3580.683838 0.003515 0.525000 3579.846436 0.003445 0.537500 3604.751953 0.003489 0.550000 3602.018311 0.003464 0.562500 3595.609863 0.004232 0.575000 3592.633057 0.005340 0.587500 3591.203613 0.005926 0.600000 3589.384277 0.006082 0.612500 3578.417969 0.005672 0.625000 3573.826904 0.005671 0.637500 3575.093018 0.004868 0.650000 3580.276611 0.004948 0.662500 3582.940918 0.005862 0.675000 3582.300781 0.006816 0.687500 3580.654053 0.008786 0.700000 3579.120850 0.012426 0.712500 3579.453857 0.016037 0.725000 3580.129395 0.017676 0.737500 3580.108887 0.016198 0.750000 3581.448486 0.012658 0.762500 3581.526855 0.011224 0.787500 3565.365967 0.023106 0.800000 3564.795166 0.023221 0.812500 3562.135498 0.018999 0.825000 3561.107666 0.013927 0.837500 3586.362061 0.009875 0.850000 3585.549316 0.008813 0.862500 3585.528076 0.006746 0.875000 3581.514160 0.006049 0.887500 3577.452881 0.007343 0.900000 3577.957031 0.007982 0.912500 3577.668701 0.008093 0.925000 3576.131348 0.008378 0.937500 3574.703857 0.008780 0.950000 3573.538818 0.008367 0.962500 3572.318115 0.007111 0.975000 3571.248535 0.005898 0.987500 3570.091309 0.004996 1.000000 3566.456299 0.003796 1.012500 3558.580566 0.002851 1.025000 3559.551758 0.002028 1.037500 3564.816895 0.001831 1.050000 3571.303711 0.001965 1.062500 3576.413574 0.002040 1.075000 3576.236816 0.002407 1.087500 3568.852051 0.003165 1.100000 3563.713623 0.004269 1.112500 3563.454102 0.004466 1.125000 3561.980469 0.004509 1.137500 3560.679932 0.004950 1.150000 3561.956055 0.005636 1.162500 3563.216309 0.006402 1.175000 3560.605225 0.006105 1.187500 3550.483887 0.006168 1.212500 3552.103271 0.009040 1.225000 3557.284668 0.010321 1.237500 3564.479492 0.010175 1.250000 3564.219971 0.008901 1.262500 3558.741943 0.008447 1.275000 3549.603516 0.012476 1.287500 3550.754639 0.013824 1.300000 3551.790039 0.013106 1.312500 3556.390137 0.010910 1.325000 3559.745605 0.009376 1.337500 3562.413086 0.008399 1.350000 3564.843018 0.008017 1.362500 3564.056641 0.007619 1.375000 3563.054199 0.007178 1.387500 3565.071289 0.006267 1.400000 3563.623535 0.004652 1.412500 3554.641113 0.004803 1.425000 3549.391846 0.008034 1.437500 3547.021484 0.009517 1.450000 3542.366455 0.008460 1.462500 3520.581543 0.006925 1.475000 3516.395264 0.006677 1.487500 3489.650879 0.005958 1.500000 3498.391602 0.007782 1.512500 3497.963135 0.008424 1.525000 3494.287109 0.007986 1.550000 3475.087646 0.008871 1.562500 3461.417969 0.008656 1.575000 3453.611328 0.008038 1.587500 3441.135254 0.008462 1.600000 3442.038574 0.007421 1.612500 3448.332275 0.006633 1.625000 3473.416260 0.013006 1.637500 3482.414551 0.014326 1.650000 3485.414062 0.012218 1.662500 3487.531494 0.009068 1.675000 3486.988281 0.006442 1.687500 3485.767578 0.005249 1.700000 3485.801025 0.005101 1.712500 3485.316895 0.005509 1.725000 3485.506836 0.006971 1.737500 3486.861084 0.010995 1.750000 3488.777344 0.017507 1.762500 3490.408936 0.023392 1.775000 3492.661133 0.026249 1.787500 3494.423584 0.026324 1.800000 3495.738037 0.024109 1.812500 3496.787598 0.020014 1.825000 3496.474365 0.015156 1.837500 3495.369629 0.011404 1.850000 3493.125488 0.009434 1.862500 3487.805664 0.008634 1.875000 3468.119385 0.011464 1.887500 3445.662842 0.009630 1.900000 3468.397949 0.008547 1.912500 3472.704346 0.009805 1.925000 3505.277344 0.010212 1.937500 3497.885742 0.007864 1.950000 3485.508545 0.012362 1.962500 3493.889404 0.013574 1.975000 3497.981689 0.013093 1.987500 3521.354980 0.010787 2.000000 3519.055420 0.006721 2.012500 3516.032715 0.005771 2.025000 3529.844971 0.005848 2.037500 3532.005615 0.007482 2.050000 3536.760498 0.007600 2.062500 3545.090088 0.008345 2.075000 3574.889404 0.018963 2.087500 3577.385498 0.026270 2.100000 3578.662598 0.032791 2.112500 3579.356689 0.037005 2.125000 3579.474609 0.038376 2.137500 3579.609375 0.038816 2.150000 3580.868896 0.040580 2.162500 3583.325195 0.045830 2.175000 3584.562256 0.053230 2.187500 3583.641113 0.057064 2.200000 3581.455566 0.055370 2.212500 3580.048584 0.048905 2.225000 3578.872559 0.038274 2.237500 3570.528564 0.026627 2.250000 3591.102783 0.014771 2.262500 3618.232422 0.006422 2.275000 3648.741699 0.006810 2.287500 3647.251221 0.006584 2.300000 3621.293457 0.007952 2.312500 3580.027344 0.013028 2.337500 3577.567871 0.026903 2.350000 3573.574951 0.036313 2.362500 3572.004883 0.041065 2.375000 3570.452881 0.044286 2.387500 3568.625000 0.046402 2.400000 3566.649902 0.044010 2.412500 3566.015869 0.037956 2.425000 3566.616943 0.033204 2.437500 3567.165771 0.031167 2.450000 3566.826904 0.027466 2.462500 3565.799561 0.020502 2.475000 3564.251953 0.014380 2.487500 3561.815674 0.012848 2.500000 3559.371094 0.014543 2.512500 3558.887451 0.017548 2.525000 3559.059814 0.024290 2.537500 3558.963135 0.035448 2.550000 3558.635742 0.045128 2.562500 3559.491211 0.045056 2.575000 3563.238770 0.034487 2.587500 3569.307129 0.025264 2.600000 3570.176270 0.020628 2.612500 3562.977783 0.020824 2.625000 3558.279785 0.029344 2.637500 3557.839844 0.035036 2.650000 3558.643555 0.036224 2.662500 3560.624268 0.034025 2.675000 3561.997070 0.030924 2.687500 3560.321289 0.026570 2.700000 3555.513428 0.024214 2.712500 3554.108887 0.025457 2.725000 3554.785645 0.028512 2.737500 3556.429688 0.030952 2.750000 3557.681152 0.031241 2.762500 3557.808594 0.032057 2.775000 3555.712402 0.035897 2.787500 3552.694824 0.043518 2.800000 3551.573486 0.049672 2.812500 3551.913818 0.051014 2.825000 3552.462402 0.048298 2.837500 3552.923828 0.040432 2.850000 3552.496826 0.027094 2.862500 3547.102539 0.013852 2.875000 3546.290283 0.006696 2.887500 3547.268799 0.006297 2.900000 3547.162109 0.010412 2.912500 3548.106934 0.015977 2.925000 3548.410889 0.020302 2.937500 3546.848633 0.021692 2.950000 3545.229248 0.020960 2.962500 3544.166748 0.017897 2.975000 3534.917725 0.013935 2.987500 3531.578369 0.014419 3.000000 3503.173828 0.016421 3.012500 3505.168213 0.016468 3.025000 3506.656738 0.015490 3.037500 3501.043701 0.012786 3.050000 3496.225586 0.011179 3.062500 3487.471436 0.010083 3.075000 3483.168457 0.010148 3.087500 3483.168457 0.000000
1 128 0.000000 1.787500
0.000000 3039.819092 0.000160 0.012500 3026.358887 0.000819 0.025000 3048.189209 0.001995 0.037500 3050.470703 0.003510 0.050000 3050.423584 0.004460 0.062500 3061.274170 0.003564 0.075000 3066.274170 0.003056 0.087500 3086.709229 0.001337 0.100000 3070.729248 0.000800 0.112500 3100.452637 0.002139 0.125000 3097.670654 0.002705 0.137500 3100.968018 0.002811 0.150000 3103.292725 0.002570 0.162500 3101.363770 0.001874 0.175000 3077.486084 0.001611 0.187500 3076.330078 0.001703 0.200000 3081.288818 0.001915 0.212500 3084.108643 0.002346 0.250000 3093.227783 0.001411 0.275000 3115.385498 0.001946 0.287500 3110.232178 0.001316 0.300000 3092.204346 0.001469 0.312500 3096.233398 0.001763 0.325000 3104.140625 0.002451 0.337500 3107.737305 0.003359 0.350000 3109.899658 0.003756 0.362500 3114.378418 0.004485 0.375000 3083.281494 0.001547 0.387500 3080.244141 0.001771 0.400000 3070.864014 0.002544 0.412500 3068.858887 0.003345 0.425000 3068.034668 0.004123 0.437500 3066.074219 0.004890 0.450000 3062.098145 0.005516 0.462500 3058.932129 0.005281 0.475000 3050.322266 0.004249 0.487500 3050.512695 0.003532 0.500000 3051.247559 0.003944 0.512500 3045.502686 0.004488 0.525000 3040.300049 0.004726 0.537500 3036.497070 0.004426 0.550000 3035.365234 0.003558 0.562500 3038.298340 0.002480 0.575000 3042.191406 0.001824 0.587500 3032.669189 0.001193 0.600000 3048.617676 0.001420 0.612500 3064.463867 0.001755 0.637500 3081.003662 0.003212 0.650000 3076.333008 0.002637 0.662500 3052.035645 0.004647 0.675000 3056.119141 0.004817 0.687500 3057.610840 0.004632 0.700000 3058.105957 0.004217 0.712500 3055.987793 0.003517 0.737500 3068.318848 0.000919 0.750000 3043.424805 0.003824 0.762500 3045.346191 0.004484 0.775000 3054.287598 0.004651 0.787500 3059.175049 0.004819 0.800000 3058.377441 0.004106 0.812500 3060.116455 0.003554 0.850000 3065.298340 0.005151 0.862500 3058.893555 0.004875 0.875000 3053.246582 0.004432 0.887500 3047.533691 0.003728 0.900000 3040.008545 0.003147 0.912500 3034.787109 0.002098 0.925000 3033.352295 0.001453 0.937500 3029.324951 0.001827 0.950000 3022.460938 0.002914 0.962500 3015.254150 0.003967 0.975000 3013.462891 0.004481 0.987500 3013.298340 0.004264 1.000000 3012.018066 0.004296 1.037500 3025.867920 0.002981 1.050000 3024.462158 0.004046 1.087500 3043.633301 0.003051 1.100000 3065.319580 0.002015 1.112500 3064.633301 0.002015 1.137500 3067.865234 0.002048 1.162500 3092.845947 0.003478 1.175000 3083.637695 0.004163 1.187500 3082.914551 0.004939 1.200000 3085.759277 0.005166 1.212500 3086.628418 0.005129 1.225000 3066.932617 0.007368 1.237500 3064.710693 0.008191 1.250000 3059.358154 0.019334 1.262500 3052.746338 0.041507 1.275000 3052.104492 0.061126 1.287500 3053.740967 0.062024 1.300000 3056.561035 0.048403 1.312500 3062.195312 0.036714 1.325000 3082.505615 0.053842 1.337500 3081.557129 0.066846 1.350000 3081.278076 0.072454 1.362500 3080.843262 0.079672 1.375000 3080.215088 0.087231 1.387500 3079.403076 0.083919 1.400000 3079.031982 0.064713 1.412500 3077.208984 0.037495 1.425000 3074.128174 0.018863 1.437500 3100.753906 0.013531 1.450000 3105.208496 0.018418 1.462500 3103.558594 0.026180 1.475000 3080.500244 0.039970 1.487500 3086.502197 0.038985 1.500000 3084.946533 0.032683 1.512500 3080.170898 0.032115 1.525000 3068.715088 0.036722 1.537500 3044.285645 0.042308 1.562500 3047.356445 0.051348 1.575000 3047.654297 0.060067 1.587500 3045.294922 0.057251 1.600000 3040.497803 0.055360 1.612500 3037.471924 0.064388 1.625000 3037.289551 0.070920 1.637500 3036.358154 0.068984 1.650000 3033.812988 0.058824 1.662500 3031.963623 0.044676 1.675000 3031.704834 0.030923 1.687500 3030.723389 0.023664 1.700000 3026.976318 0.022259 1.712500 3010.893066 0.021487 1.725000 3010.078369 0.014381 1.737500 2991.612549 0.006162 1.775000 3021.527100 0.020006 1.787500 3021.527100 0.000000
2 160 0.000000 2.037500
0.000000 2782.378662 0.000677 0.012500 2778.177490 0.003107 0.025000 2784.696045 0.007501 0.037500 2785.278564 0.012029 0.050000 2780.894531 0.013639 0.062500 2774.812012 0.015245 0.075000 2771.057129 0.019556 0.087500 2770.517822 0.021737 0.100000 2765.422119 0.020356 0.112500 2752.442139 0.026997 0.125000 2753.866211 0.025725 0.137500 2762.229004 0.021922 0.150000 2767.364014 0.028232 0.162500 2766.687988 0.030949 0.175000 2759.532227 0.029842 0.187500 2757.178711 0.024504 0.200000 2789.073486 0.029282 0.212500 2790.063477 0.033428 0.225000 2778.098389 0.028094 0.237500 2773.927734 0.027879 0.250000 2781.233398 0.024461 0.262500 2756.966797 0.016869 0.275000 2758.844727 0.018479 0.287500 2763.223389 0.022744 0.300000 2763.184082 0.021632 0.312500 2785.848389 0.020483 0.325000 2784.799805 0.020482 0.337500 2783.364502 0.022458 0.350000 2784.246826 0.025255 0.362500 2785.460693 0.028263 0.375000 2786.080566 0.028921 0.387500 2785.636475 0.023912 0.400000 2781.912598 0.016052 0.412500 2780.666016 0.013617 0.425000 2785.375000 0.017390 0.437500 2790.052002 0.023997 0.450000 2785.085938 0.022480 0.462500 2780.512939 0.019536 0.475000 2779.258545 0.017888 0.487500 2778.443848 0.017077 0.500000 2784.937012 0.014376 0.512500 2789.488770 0.014679 0.525000 2763.312744 0.021751 0.537500 2764.069336 0.023565 0.550000 2761.633057 0.025396 0.562500 2762.651367 0.026072 0.575000 2768.401611 0.026067 0.587500 2780.966064 0.036226 0.600000 2780.513916 0.041735 0.612500 2780.009033 0.047406 0.625000 2780.777100 0.056021 0.637500 2783.010986 0.065125 0.650000 2783.941406 0.073655 0.662500 2783.948730 0.081023 0.675000 2783.875977 0.081515 0.687500 2781.441162 0.068295 0.700000 2779.416504 0.052621 0.712500 2780.185303 0.045909 0.725000 2782.513916 0.047963 0.737500 2780.964111 0.042413 0.750000 2767.682861 0.036279 0.762500 2763.423584 0.036245 0.775000 2759.665527 0.034529 0.787500 2754.544678 0.032337 0.800000 2749.367676 0.028171 0.812500 2737.683594 0.034699 0.825000 2738.596924 0.034024 0.837500 2736.207031 0.027846 0.850000 2735.321045 0.020856 0.862500 2742.160889 0.017385 0.875000 2717.300537 0.021781 0.887500 2719.767090 0.020327 0.900000 2715.099365 0.021975 0.925000 2724.287109 0.019584 0.937500 2733.705566 0.020413 0.950000 2736.774170 0.023179 0.962500 2738.002930 0.026473 0.975000 2738.778809 0.031903 0.987500 2741.902100 0.035021 1.000000 2744.312256 0.038315 1.012500 2743.140381 0.041332 1.025000 2741.425781 0.046670 1.037500 2741.438965 0.052134 1.050000 2741.608398 0.055897 1.062500 2741.595947 0.058572 1.075000 2742.337891 0.061442 1.087500 2742.582031 0.063672 1.100000 2740.068848 0.060720 1.112500 2735.596436 0.054673 1.125000 2734.021973 0.044009 1.137500 2733.324219 0.032284 1.150000 2732.011719 0.027480 1.162500 2731.523682 0.032405 1.175000 2731.389160 0.043451 1.187500 2730.855469 0.052109 1.200000 2730.004883 0.050010 1.212500 2725.661377 0.037329 1.225000 2721.471191 0.028469 1.237500 2718.147461 0.025728 1.250000 2712.100098 0.032531 1.287500 2699.977295 0.038609 1.300000 2699.564209 0.025679 1.312500 2697.334229 0.021186 1.325000 2676.266846 0.030088 1.337500 2676.231201 0.028224 1.362500 2667.801270 0.016380 1.375000 2665.125244 0.017332 1.387500 2668.718262 0.018111 1.400000 2673.015137 0.019932 1.412500 2676.144531 0.022535 1.425000 2676.539062 0.023327 1.437500 2675.373291 0.021230 1.450000 2674.275879 0.018067 1.462500 2675.083496 0.016377 1.475000 2679.125488 0.017777 1.487500 2680.370850 0.019769 1.500000 2675.321777 0.020304 1.512500 2671.403564 0.022850 1.525000 2661.150146 0.022203 1.537500 2685.228516 0.023458 1.550000 2684.802734 0.028548 1.562500 2683.054932 0.039075 1.575000 2682.011230 0.055035 1.587500 2682.989014 0.068211 1.600000 2686.573242 0.071386 1.612500 2691.005127 0.068114 1.625000 2693.434570 0.059952 1.637500 2694.326416 0.050725 1.650000 2693.559326 0.042983 1.662500 2692.496826 0.036417 1.675000 2693.112549 0.030281 1.687500 2693.718750 0.027048 1.700000 2694.161377 0.026164 1.712500 2699.512207 0.024834 1.725000 2705.512695 0.029008 1.737500 2709.493408 0.039726 1.750000 2710.881104 0.047513 1.762500 2703.854736 0.041911 1.775000 2699.064453 0.036548 1.787500 2698.988037 0.031628 1.800000 2700.267578 0.029228 1.812500 2698.687500 0.026448 1.825000 2692.036621 0.022948 1.837500 2688.225586 0.021918 1.850000 2689.651855 0.020061 1.862500 2691.270264 0.020632 1.875000 2692.197754 0.022392 1.887500 2692.420898 0.024132 1.900000 2691.084961 0.026583 1.912500 2687.223633 0.031080 1.925000 2684.993408 0.035810 1.937500 2689.342285 0.034351 1.950000 2663.295166 0.028884 1.962500 2658.295654 0.026968 1.975000 2659.531250 0.023240 1.987500 2663.516113 0.027887 2.000000 2664.961426 0.038531 2.012500 2644.848877 0.045996 2.025000 2638.207764 0.059975 2.037500 2638.207764 0.000000
3 56 0.000000 0.687500
0.000000 2652.484375 0.001217 0.012500 2655.980469 0.005644 0.025000 2649.674316 0.013866 0.037500 2644.289307 0.024569 0.050000 2673.632324 0.010999 0.062500 2668.933350 0.013380 0.075000 2657.421387 0.028640 0.087500 2663.163086 0.034660 0.100000 2661.773926 0.035484 0.112500 2631.454102 0.031098 0.125000 2632.828369 0.029878 0.137500 2661.120117 0.033700 0.150000 2662.800537 0.030546 0.162500 2632.310791 0.022850 0.175000 2611.983887 0.019908 0.187500 2585.680664 0.011988 0.200000 2593.784912 0.020603 0.212500 2591.781006 0.028928 0.225000 2584.797363 0.031116 0.237500 2578.570557 0.034382 0.250000 2576.336426 0.035421 0.262500 2575.367432 0.032151 0.275000 2574.401855 0.028438 0.287500 2576.945312 0.025923 0.300000 2580.479004 0.027605 0.312500 2581.181396 0.028345 0.325000 2577.221436 0.025693 0.337500 2574.524902 0.025437 0.350000 2573.038086 0.028881 0.362500 2576.354492 0.031105 0.375000 2580.754395 0.033224 0.387500 2583.976318 0.033432 0.400000 2586.451904 0.033316 0.412500 2585.822266 0.033656 0.425000 2574.892822 0.038988 0.437500 2569.266846 0.049763 0.450000 2576.770020 0.039442 0.462500 2581.716064 0.027950 0.475000 2578.642578 0.018229 0.487500 2569.003662 0.016919 0.500000 2561.194824 0.017459 0.512500 2590.196289 0.016527 0.525000 2593.420654 0.022809 0.537500 2559.927734 0.023244 0.550000 2529.589355 0.017433 0.562500 2529.742188 0.021232 0.575000 2529.741455 0.024761 0.587500 2528.516846 0.027717 0.600000 2511.757812 0.032674 0.612500 2512.890869 0.034758 0.625000 2516.221680 0.030880 0.637500 2519.325928 0.029260 0.650000 2515.992676 0.025061 0.662500 2510.207520 0.021101 0.675000 2542.406006 0.020421 0.687500 2542.406006 0.000000
4 42 0.000000 0.537500
0.000000 2468.920410 0.000284 0.012500 2475.961182 0.001782 0.025000 2474.956787 0.004754 0.037500 2473.493408 0.008295 0.050000 2444.664307 0.006567 0.062500 2450.068115 0.009748 0.075000 2467.801758 0.026043 0.087500 2463.000244 0.031578 0.100000 2462.491211 0.027199 0.112500 2501.312500 0.023108 0.125000 2501.939453 0.021843 0.137500 2501.944092 0.021222 0.150000 2498.390625 0.021771 0.162500 2486.264648 0.029438 0.175000 2487.298584 0.032247 0.187500 2488.065430 0.030576 0.200000 2489.866699 0.025980 0.212500 2494.066162 0.020043 0.225000 2497.332764 0.017442 0.237500 2502.154297 0.018039 0.250000 2508.709717 0.019771 0.262500 2510.875977 0.019465 0.275000 2511.481934 0.017365 0.287500 2509.309814 0.014219 0.300000 2506.549805 0.011732 0.312500 2504.829102 0.010929 0.325000 2509.302979 0.011121 0.337500 2484.555908 0.010885 0.350000 2485.970703 0.014606 0.362500 2504.500732 0.018497 0.375000 2503.885254 0.015826 0.387500 2506.049316 0.011230 0.400000 2508.277100 0.009446 0.412500 2506.073486 0.008842 0.450000 2504.458252 0.016428 0.462500 2510.567627 0.022345 0.475000 2514.095215 0.026240 0.487500 2522.602783 0.024687 0.500000 2531.363037 0.023164 0.512500 2551.876221 0.023348 0.525000 2552.515381 0.027321 0.537500 2552.515381 0.000000
5 525 0.000000 6.725000
0.000000 1522.974243 0.000348 0.012500 1525.708984 0.001686 0.025000 1524.435303 0.004118 0.037500 1525.751221 0.006117 0.050000 1532.008301 0.005838 0.062500 1518.836914 0.004087 0.075000 1499.331177 0.004943 0.087500 1533.846436 0.010369 0.100000 1531.509277 0.013277 0.112500 1535.264648 0.012123 0.125000 1542.703125 0.010805 0.137500 1547.144409 0.013085 0.150000 1545.626953 0.015348 0.162500 1539.994873 0.017320 0.175000 1535.604736 0.018170 0.187500 1531.512939 0.016232 0.200000 1524.927002 0.011953 0.212500 1514.076172 0.009638 0.225000 1512.893311 0.007445 0.237500 1512.821899 0.006573 0.250000 1515.156372 0.007397 0.262500 1515.507690 0.009414 0.275000 1512.539429 0.011750 0.287500 1510.501831 0.013126 0.300000 1514.772339 0.010612 0.312500 1497.841064 0.005588 0.325000 1513.852905 0.003151 0.337500 1500.217285 0.007691 0.350000 1503.119995 0.013307 0.362500 1502.877563 0.017004 0.375000 1500.323975 0.015616 0.387500 1497.452271 0.011562 0.400000 1495.921753 0.008742 0.412500 1491.337891 0.006414 0.425000 1483.871094 0.005924 0.437500 1484.803955 0.006586 0.450000 1488.917114 0.007931 0.462500 1482.031128 0.007620 0.475000 1474.465088 0.007096 0.487500 1447.305298 0.011473 0.500000 1418.882446 0.018434 0.512500 1415.701050 0.023426 0.525000 1414.314331 0.020727 0.537500 1415.844849 0.011531 0.550000 1417.028198 0.004487 0.562500 1416.913330 0.003486 0.575000 1445.968018 0.006649 0.587500 1448.003296 0.009203 0.600000 1444.338257 0.011748 0.612500 1442.782104 0.012674 0.625000 1442.905029 0.011058 0.637500 1445.005737 0.008402 0.650000 1447.491699 0.007999 0.662500 1447.617432 0.010956 0.675000 1443.152466 0.014921 0.687500 1439.427490 0.016030 0.700000 1435.252441 0.012583 0.712500 1428.758423 0.007979 0.725000 1424.015869 0.006505 0.737500 1402.859985 0.012165 0.750000 1417.595825 0.009749 0.762500 1420.290161 0.009050 0.775000 1421.131958 0.009174 0.787500 1440.036499 0.011338 0.800000 1438.722900 0.012501 0.812500 1439.741699 0.014692 0.825000 1443.090942 0.017354 0.837500 1444.218872 0.017407 0.850000 1442.952271 0.014351 0.862500 1441.382812 0.010339 0.875000 1432.988281 0.006669 0.887500 1428.437622 0.005417 0.900000 1397.834229 0.013134 0.912500 1375.388428 0.013015 0.925000 1377.793335 0.010993 0.937500 1379.368530 0.007780 0.950000 1381.524536 0.005728 0.962500 1381.845459 0.004027 0.975000 1406.382812 0.002988 0.987500 1418.556274 0.006801 1.000000 1411.782837 0.008484 1.012500 1410.969727 0.009189 1.025000 1412.744751 0.008136 1.037500 1429.608398 0.007550 1.050000 1426.144653 0.006655 1.062500 1425.235718 0.008062 1.075000 1426.884033 0.012701 1.087500 1428.864502 0.018497 1.100000 1429.536743 0.022492 1.112500 1429.452515 0.022915 1.125000 1429.297363 0.019941 1.137500 1429.906738 0.015668 1.150000 1430.956299 0.012407 1.162500 1429.479370 0.010248 1.175000 1424.421753 0.009589 1.187500 1397.482300 0.015490 1.200000 1386.655151 0.018983 1.212500 1384.597412 0.022665 1.225000 1390.078369 0.019376 1.237500 1401.057739 0.017980 1.250000 1404.342041 0.015100 1.262500 1408.345825 0.011768 1.275000 1414.449341 0.012045 1.287500 1417.043945 0.011061 1.300000 1435.333130 0.012088 1.312500 1432.454224 0.017602 1.325000 1432.679688 0.021285 1.337500 1434.210571 0.021831 1.350000 1437.682617 0.019176 1.362500 1439.343140 0.016928 1.375000 1437.281006 0.015933 1.387500 1429.564697 0.017759 1.400000 1428.942139 0.018176 1.412500 1430.328735 0.016133 1.425000 1429.562378 0.014584 1.437500 1428.143555 0.014302 1.450000 1429.857910 0.014781 1.462500 1431.561646 0.016462 1.475000 1432.743652 0.018001 1.487500 1434.319580 0.018959 1.500000 1435.335083 0.018724 1.512500 1433.490967 0.015374 1.525000 1427.313843 0.011563 1.537500 1427.061523 0.008740 1.550000 1451.374390 0.011747 1.562500 1443.763794 0.013806 1.575000 1442.784424 0.016269 1.587500 1443.137085 0.017882 1.600000 1443.600220 0.016913 1.612500 1440.588867 0.012574 1.625000 1433.867676 0.010245 1.637500 1433.552368 0.010452 1.650000 1434.257446 0.012513 1.662500 1430.068481 0.016817 1.675000 1425.440063 0.023699 1.687500 1426.594604 0.025310 1.700000 1431.568604 0.021612 1.712500 1435.562500 0.018232 1.725000 1435.069336 0.015378 1.737500 1432.998535 0.014976 1.750000 1432.426392 0.016429 1.762500 1431.485718 0.018633 1.775000 1430.686523 0.021100 1.787500 1431.231079 0.023038 1.800000 1431.136230 0.024774 1.812500 1430.287842 0.027717 1.825000 1430.732788 0.032190 1.837500 1432.188599 0.036412 1.850000 1432.195190 0.037391 1.862500 1431.342041 0.036083 1.875000 1431.914429 0.036360 1.887500 1433.614258 0.038897 1.900000 1434.004517 0.037996 1.912500 1431.852783 0.030515 1.925000 1430.701660 0.021528 1.937500 1431.682617 0.015351 1.950000 1435.720459 0.012191 1.962500 1440.073730 0.010514 1.975000 1440.117676 0.010260 1.987500 1438.682129 0.012073 2.000000 1435.171143 0.013615 2.012500 1433.921875 0.012694 2.025000 1432.405884 0.010195 2.037500 1431.112549 0.008308 2.050000 1429.058350 0.006874 2.062500 1422.983887 0.006132 2.075000 1422.771362 0.007422 2.087500 1427.361938 0.011337 2.100000 1431.535156 0.016786 2.112500 1432.672119 0.019081 2.125000 1433.809448 0.016912 2.137500 1427.778931 0.011517 2.150000 1425.877197 0.009483 2.162500 1430.966675 0.011199 2.175000 1439.403564 0.017988 2.187500 1438.866333 0.018072 2.200000 1442.931274 0.013126 2.212500 1444.721558 0.007952 2.225000 1442.173462 0.005080 2.237500 1425.786865 0.006508 2.250000 1423.484375 0.008834 2.262500 1424.031860 0.012046 2.275000 1427.380127 0.015941 2.287500 1428.810181 0.019162 2.300000 1427.469116 0.019892 2.312500 1425.818604 0.020121 2.325000 1426.485718 0.021262 2.337500 1429.524048 0.024292 2.350000 1430.942749 0.028179 2.362500 1430.714233 0.029064 2.375000 1431.161743 0.025404 2.387500 1435.690918 0.017713 2.400000 1445.091919 0.013972 2.412500 1446.676025 0.013016 2.425000 1443.821533 0.012713 2.437500 1440.990112 0.012581 2.450000 1439.450317 0.009595 2.462500 1430.621704 0.006110 2.475000 1429.459839 0.004286 2.487500 1451.823975 0.005798 2.500000 1449.527954 0.008391 2.512500 1443.357666 0.010657 2.525000 1429.744873 0.016179 2.537500 1425.706909 0.015608 2.550000 1418.179077 0.014893 2.562500 1418.327759 0.013152 2.575000 1426.374634 0.010865 2.587500 1433.424683 0.010875 2.600000 1431.545288 0.008198 2.612500 1426.958740 0.006987 2.625000 1422.831421 0.007684 2.637500 1423.275146 0.007531 2.650000 1424.229004 0.006894 2.662500 1423.708130 0.007236 2.675000 1423.555908 0.009016 2.687500 1427.156006 0.010601 2.700000 1431.525635 0.012030 2.712500 1432.506348 0.013674 2.725000 1432.286621 0.015700 2.737500 1430.039551 0.016829 2.750000 1428.555420 0.017066 2.762500 1428.373413 0.018280 2.775000 1427.985229 0.021760 2.787500 1426.746948 0.025215 2.800000 1426.016724 0.025444 2.812500 1425.882935 0.022563 2.825000 1426.167236 0.019452 2.837500 1427.178955 0.017364 2.850000 1428.390503 0.015020 2.862500 1430.369995 0.011079 2.875000 1434.597656 0.007445 2.887500 1435.706177 0.005435 2.900000 1429.592041 0.004655 2.912500 1425.562500 0.005498 2.925000 1427.224487 0.005836 2.937500 1428.305786 0.006451 2.950000 1425.628174 0.007814 2.962500 1423.748901 0.010695 2.975000 1425.165771 0.013438 2.987500 1427.872437 0.014380 3.000000 1430.795410 0.012673 3.012500 1432.746582 0.010138 3.025000 1431.510864 0.008425 3.037500 1426.819092 0.009362 3.050000 1425.082275 0.012401 3.062500 1426.368286 0.014063 3.075000 1431.700562 0.012541 3.087500 1434.079468 0.009167 3.100000 1431.618896 0.006167 3.112500 1423.345093 0.006530 3.125000 1421.197021 0.007691 3.137500 1422.896118 0.006369 3.150000 1432.716431 0.004374 3.162500 1413.450073 0.003247 3.175000 1414.427856 0.004373 3.187500 1419.151245 0.006043 3.200000 1419.862427 0.006482 3.212500 1419.067383 0.005497 3.225000 1414.538940 0.004604 3.237500 1412.797852 0.004641 3.250000 1432.994873 0.005840 3.262500 1430.580688 0.007522 3.275000 1428.725342 0.008184 3.287500 1424.053101 0.008076 3.300000 1422.343750 0.007655 3.312500 1423.311646 0.007360 3.325000 1426.143433 0.008174 3.337500 1427.251465 0.009311 3.350000 1426.697144 0.009254 3.362500 1424.763794 0.007422 3.375000 1420.656494 0.005063 3.387500 1418.752441 0.003971 3.400000 1416.541992 0.004033 3.412500 1415.263550 0.004294 3.425000 1413.677612 0.004642 3.437500 1410.749756 0.005532 3.450000 1402.421265 0.007043 3.462500 1400.670532 0.007200 3.475000 1401.697144 0.005839 3.487500 1404.620972 0.004282 3.500000 1394.618774 0.002864 3.512500 1387.122803 0.004142 3.525000 1386.159424 0.005052 3.537500 1387.802856 0.004840 3.550000 1389.885132 0.004066 3.562500 1394.099854 0.003469 3.575000 1395.824219 0.003389 3.587500 1398.863037 0.003973 3.600000 1414.635864 0.008184 3.612500 1410.685913 0.010164 3.625000 1421.726318 0.010080 3.637500 1424.280762 0.011277 3.650000 1426.473145 0.011795 3.662500 1430.391846 0.010808 3.675000 1428.734497 0.007843 3.687500 1424.606323 0.006089 3.700000 1422.200806 0.006655 3.712500 1427.097534 0.006941 3.725000 1430.688843 0.007082 3.737500 1430.987671 0.006092 3.750000 1431.914795 0.004590 3.762500 1434.334717 0.003641 3.775000 1434.770752 0.003121 3.787500 1460.778809 0.004116 3.800000 1461.853882 0.005320 3.812500 1462.071167 0.006966 3.825000 1462.097046 0.010466 3.837500 1461.599609 0.014192 3.850000 1462.753174 0.014452 3.862500 1466.640259 0.011019 3.875000 1469.109619 0.007175 3.887500 1466.396484 0.004313 3.900000 1456.467041 0.003614 3.925000 1483.658691 0.005537 3.937500 1486.281860 0.007406 3.950000 1491.927246 0.007405 3.962500 1495.685913 0.006061 3.975000 1495.988403 0.004362 3.987500 1498.045288 0.003845 4.000000 1504.871826 0.005393 4.012500 1504.009888 0.006595 4.025000 1504.259521 0.006348 4.037500 1518.931885 0.005071 4.062500 1529.766846 0.007521 4.075000 1537.970581 0.006113 4.087500 1542.745361 0.004663 4.100000 1542.257812 0.003755 4.112500 1523.325806 0.005135 4.125000 1519.667847 0.006630 4.137500 1516.395752 0.008331 4.150000 1520.139648 0.008337 4.162500 1524.120117 0.008424 4.175000 1527.854248 0.008266 4.187500 1531.385986 0.008260 4.200000 1531.526733 0.008724 4.212500 1528.162842 0.009181 4.225000 1518.603882 0.009326 4.237500 1510.980225 0.008430 4.250000 1509.363037 0.007103 4.262500 1512.952148 0.005454 4.275000 1523.374512 0.005497 4.287500 1526.302124 0.005901 4.300000 1523.669434 0.004939 4.312500 1515.303345 0.004069 4.325000 1505.931396 0.004073 4.337500 1500.486206 0.004322 4.362500 1490.058472 0.004578 4.375000 1467.582275 0.003813 4.387500 1441.491821 0.003664 4.400000 1437.143188 0.004490 4.412500 1431.174316 0.004763 4.425000 1434.246094 0.003802 4.437500 1439.631958 0.003668 4.450000 1442.287109 0.005021 4.462500 1438.762573 0.005850 4.475000 1433.212524 0.005593 4.487500 1421.763428 0.004679 4.500000 1421.053833 0.003868 4.512500 1420.501953 0.003645 4.525000 1435.023804 0.003181 4.537500 1439.276733 0.003047 4.550000 1446.125854 0.002315 4.562500 1456.598389 0.002420 4.575000 1456.567871 0.003258 4.587500 1452.680298 0.005037 4.600000 1446.724365 0.007251 4.612500 1444.647827 0.008025 4.625000 1445.005249 0.006827 4.637500 1448.000854 0.004725 4.650000 1424.568359 0.003349 4.662500 1428.392212 0.002665 4.675000 1443.091309 0.003066 4.687500 1448.171875 0.003670 4.700000 1460.130615 0.004682 4.712500 1464.432983 0.004096 4.725000 1468.848633 0.003100 4.737500 1469.069702 0.003174 4.750000 1467.821533 0.004716 4.762500 1471.587036 0.005783 4.775000 1484.646118 0.006515 4.787500 1490.399292 0.007494 4.800000 1491.984863 0.007085 4.812500 1490.795654 0.005560 4.825000 1487.731323 0.004008 4.837500 1484.286743 0.002906 4.850000 1481.153809 0.002325 4.862500 1454.983643 0.005258 4.875000 1453.136719 0.005971 4.887500 1450.823364 0.005015 4.900000 1436.982544 0.003787 4.925000 1415.595093 0.003587 4.937500 1414.216675 0.002814 4.950000 1411.946533 0.002925 4.962500 1412.270386 0.004467 4.975000 1427.860962 0.007434 4.987500 1426.400146 0.008339 5.000000 1431.152954 0.006783 5.012500 1435.606323 0.005667 5.025000 1433.523804 0.004853 5.037500 1424.038208 0.005466 5.050000 1421.193604 0.006088 5.062500 1417.697876 0.005546 5.075000 1414.079590 0.005051 5.087500 1413.757690 0.004358 5.100000 1415.250000 0.003460 5.112500 1416.972168 0.002647 5.125000 1416.927368 0.002409 5.137500 1414.795288 0.002940 5.150000 1410.683716 0.004056 5.162500 1409.837646 0.004836 5.175000 1410.554810 0.004887 5.187500 1414.148071 0.004369 5.200000 1418.086060 0.004468 5.212500 1419.117920 0.005659 5.225000 1416.505737 0.007051 5.237500 1413.921875 0.007733 5.250000 1416.516357 0.006995 5.262500 1420.097778 0.006962 5.275000 1424.310547 0.008441 5.287500 1426.201294 0.009315 5.300000 1425.342285 0.008000 5.312500 1421.634033 0.005731 5.325000 1417.703735 0.004119 5.337500 1414.066284 0.003754 5.350000 1392.758423 0.004805 5.362500 1398.837646 0.007038 5.375000 1426.886963 0.020465 5.387500 1426.331299 0.020233 5.400000 1414.822266 0.014457 5.412500 1410.447144 0.010582 5.425000 1404.884277 0.010284 5.437500 1403.579224 0.009272 5.450000 1405.036377 0.006434 5.462500 1402.852173 0.003736 5.475000 1396.150024 0.002940 5.487500 1393.247437 0.003619 5.500000 1397.806396 0.003873 5.512500 1423.124268 0.005952 5.525000 1419.008545 0.006697 5.537500 1416.754761 0.006540 5.550000 1411.221191 0.005876 5.562500 1402.378296 0.005557 5.575000 1402.213135 0.004613 5.587500 1403.089722 0.003876 5.600000 1420.339233 0.003692 5.612500 1427.184204 0.004209 5.625000 1425.445190 0.003679 5.637500 1423.205444 0.003296 5.650000 1424.132324 0.003378 5.675000 1439.717407 0.004589 5.687500 1436.186279 0.003565 5.700000 1432.170166 0.003030 5.712500 1428.138672 0.003470 5.725000 1429.482544 0.003416 5.737500 1448.514038 0.003122 5.750000 1460.840210 0.004774 5.762500 1460.453735 0.005850 5.775000 1462.113403 0.005976 5.787500 1473.421143 0.004866 5.800000 1477.179688 0.003771 5.812500 1480.194214 0.003794 5.850000 1459.961792 0.003571 5.862500 1462.295410 0.004792 5.875000 1463.322998 0.005950 5.887500 1463.275269 0.006028 5.900000 1466.265503 0.004884 5.912500 1479.280518 0.003801 5.925000 1492.419067 0.004284 5.950000 1451.575562 0.004635 5.962500 1417.827271 0.006101 5.975000 1418.491333 0.005282 5.987500 1448.412354 0.004304 6.000000 1444.737671 0.004032 6.012500 1448.776123 0.003572 6.025000 1456.760254 0.004150 6.037500 1465.370239 0.004480 6.050000 1476.284668 0.004129 6.062500 1482.123535 0.003613 6.075000 1502.450562 0.004484 6.087500 1505.544312 0.004775 6.100000 1509.075073 0.004797 6.112500 1511.776855 0.004531 6.125000 1481.866089 0.005696 6.137500 1485.725464 0.005912 6.150000 1492.097900 0.004291 6.162500 1470.475952 0.003395 6.175000 1471.500488 0.003955 6.187500 1476.316406 0.005413 6.200000 1479.168335 0.006087 6.212500 1481.241333 0.005380 6.225000 1483.182739 0.004147 6.237500 1481.837036 0.002684 6.250000 1473.917358 0.002028 6.262500 1467.218018 0.002516 6.275000 1469.974243 0.002846 6.287500 1481.185181 0.003390 6.300000 1495.155151 0.005004 6.312500 1494.932739 0.005445 6.325000 1494.439331 0.004397 6.337500 1485.286987 0.002981 6.350000 1473.566895 0.003144 6.387500 1463.285767 0.002435 6.400000 1469.926880 0.003584 6.437500 1468.601196 0.003608 6.450000 1464.232178 0.004387 6.462500 1468.211304 0.005088 6.475000 1468.048096 0.005445 6.512500 1471.368530 0.003933 6.525000 1472.323120 0.004800 6.537500 1472.524658 0.006147 6.550000 1475.424805 0.007427 6.562500 1483.066040 0.008308 6.575000 1486.845825 0.008972 6.587500 1485.809326 0.008307 6.600000 1483.425049 0.007117 6.612500 1483.431885 0.005185 6.625000 1509.417725 0.005201 6.637500 1513.283203 0.005315 6.650000 1517.795288 0.004646 6.662500 1518.660156 0.003815 6.675000 1518.388672 0.003929 6.687500 1517.800659 0.004255 6.700000 1514.592163 0.003729 6.712500 1515.827881 0.002772 6.725000 1515.827881 0.000000
6 296 0.000000 3.750000
0.000000 1197.638428 0.002932 0.012500 1198.200073 0.018087 0.025000 1200.964600 0.050945 0.037500 1206.827515 0.083999 0.050000 1215.026855 0.097700 0.062500 1220.094849 0.095630 0.075000 1223.661499 0.084298 0.087500 1224.738647 0.071237 0.100000 1223.220093 0.062890 0.112500 1221.413696 0.058346 0.125000 1226.778442 0.045137 0.137500 1209.469482 0.027581 0.150000 1212.814331 0.020605 0.162500 1229.296631 0.039733 0.175000 1223.233398 0.039066 0.187500 1220.856079 0.037044 0.200000 1219.926880 0.036096 0.212500 1221.793335 0.033627 0.225000 1224.632324 0.029171 0.237500 1226.715698 0.021333 0.250000 1235.748291 0.015058 0.262500 1236.015503 0.013235 0.275000 1218.592285 0.017676 0.287500 1219.957031 0.022930 0.300000 1216.350464 0.024730 0.312500 1208.860962 0.024910 0.325000 1203.034424 0.023047 0.337500 1200.955078 0.022107 0.350000 1201.174683 0.021451 0.362500 1199.581421 0.018588 0.375000 1194.879639 0.014127 0.400000 1221.747559 0.014238 0.412500 1224.428223 0.015788 0.425000 1226.070435 0.015807 0.462500 1229.831421 0.009763 0.475000 1229.942139 0.011812 0.487500 1230.307129 0.012898 0.500000 1243.872803 0.011374 0.512500 1241.001465 0.008645 0.525000 1237.025146 0.008613 0.537500 1225.679688 0.013197 0.550000 1222.672485 0.012361 0.562500 1219.168335 0.010396 0.575000 1217.402588 0.012244 0.587500 1192.304932 0.024153 0.600000 1208.801758 0.029443 0.612500 1211.723511 0.032909 0.625000 1212.336792 0.035552 0.637500 1210.117920 0.040083 0.650000 1205.485107 0.046665 0.662500 1200.102783 0.051860 0.675000 1196.796875 0.052428 0.687500 1195.660522 0.046212 0.700000 1195.618652 0.036716 0.712500 1193.514526 0.027119 0.725000 1188.156250 0.023518 0.737500 1186.124268 0.024901 0.750000 1187.096313 0.024465 0.762500 1186.394775 0.020938 0.775000 1182.559814 0.014934 0.787500 1173.765137 0.012338 0.800000 1174.094116 0.011879 0.812500 1180.189697 0.013966 0.825000 1185.842651 0.015941 0.837500 1184.575317 0.012384 0.850000 1184.953003 0.007154 0.862500 1190.893311 0.004492 0.875000 1197.646118 0.005905 0.900000 1179.992310 0.006715 0.912500 1182.319458 0.005510 0.925000 1189.742310 0.005178 0.937500 1199.642334 0.006444 0.950000 1201.793457 0.006837 0.962500 1206.685425 0.009677 0.975000 1216.558716 0.013967 0.987500 1223.656128 0.016250 1.000000 1228.946045 0.016761 1.012500 1237.324951 0.015692 1.025000 1239.493408 0.014484 1.037500 1236.911865 0.013379 1.050000 1229.878296 0.015234 1.062500 1227.949463 0.014840 1.075000 1230.940186 0.009865 1.087500 1228.546021 0.005057 1.100000 1207.584351 0.005203 1.112500 1209.599243 0.004960 1.125000 1207.041748 0.005680 1.137500 1226.395508 0.005715 1.150000 1225.571533 0.008646 1.162500 1225.053345 0.010795 1.175000 1218.920166 0.012521 1.187500 1209.735840 0.015435 1.200000 1223.164551 0.013101 1.212500 1221.975464 0.020540 1.225000 1196.085205 0.100361 1.237500 1200.910034 0.114221 1.250000 1202.939575 0.113274 1.262500 1202.842651 0.093610 1.275000 1201.691650 0.064901 1.287500 1199.157959 0.036365 1.300000 1195.977783 0.018250 1.312500 1224.630981 0.009653 1.325000 1229.598511 0.005241 1.337500 1230.477417 0.003967 1.350000 1226.322876 0.003835 1.362500 1214.502808 0.003710 1.375000 1239.408691 0.004700 1.387500 1242.356689 0.008024 1.400000 1244.413086 0.009059 1.412500 1222.493286 0.008606 1.425000 1207.345093 0.012842 1.437500 1215.385376 0.011051 1.450000 1214.883423 0.008911 1.462500 1207.284668 0.009156 1.475000 1196.022705 0.015058 1.487500 1194.327026 0.017381 1.500000 1192.142456 0.018260 1.512500 1191.298706 0.019767 1.525000 1191.287720 0.021508 1.537500 1192.021606 0.020636 1.550000 1202.387817 0.015358 1.562500 1210.072021 0.017362 1.575000 1202.658813 0.016916 1.587500 1226.648315 0.011915 1.600000 1224.833862 0.008109 1.612500 1250.130371 0.016471 1.625000 1242.817261 0.013600 1.637500 1236.596191 0.010826 1.650000 1235.866821 0.006907 1.662500 1238.871704 0.004641 1.675000 1245.472656 0.005168 1.687500 1243.831299 0.005950 1.700000 1239.329956 0.006047 1.712500 1235.004150 0.006592 1.725000 1233.647217 0.006940 1.737500 1238.372192 0.006258 1.750000 1237.611328 0.005958 1.762500 1232.733887 0.008263 1.775000 1232.683594 0.014066 1.787500 1238.240234 0.022013 1.800000 1241.130371 0.032459 1.812500 1244.593262 0.042926 1.825000 1247.246338 0.051413 1.837500 1248.098145 0.049661 1.850000 1250.141357 0.036301 1.862500 1254.381226 0.024608 1.875000 1255.115356 0.021796 1.887500 1250.934937 0.023597 1.900000 1247.711792 0.024930 1.912500 1245.623657 0.022598 1.925000 1242.762329 0.022093 1.937500 1239.648926 0.023217 1.950000 1243.788452 0.019072 1.962500 1251.485229 0.014250 1.975000 1251.147705 0.008790 1.987500 1243.467529 0.005822 2.000000 1239.216553 0.005435 2.012500 1240.898926 0.005019 2.025000 1244.273193 0.005932 2.037500 1255.873901 0.010743 2.050000 1259.604370 0.021320 2.062500 1262.781250 0.040901 2.075000 1263.149658 0.068496 2.087500 1262.221313 0.096834 2.100000 1261.682495 0.117055 2.112500 1262.041138 0.125154 2.125000 1262.410645 0.127222 2.137500 1262.317993 0.129235 2.150000 1262.151001 0.131035 2.162500 1262.065674 0.129189 2.175000 1261.912842 0.121978 2.187500 1261.995605 0.112452 2.200000 1262.200073 0.109620 2.212500 1262.224121 0.118939 2.225000 1262.468262 0.133340 2.237500 1262.934326 0.140174 2.250000 1262.751221 0.133092 2.262500 1261.347656 0.115107 2.275000 1259.275024 0.097088 2.287500 1258.103149 0.089899 2.300000 1257.810547 0.097298 2.312500 1258.010864 0.109698 2.325000 1258.038574 0.112093 2.337500 1257.134888 0.100566 2.350000 1255.526733 0.085653 2.362500 1254.496460 0.074831 2.375000 1255.793945 0.065514 2.387500 1257.603149 0.059707 2.400000 1257.554199 0.059078 2.412500 1256.979126 0.065237 2.425000 1257.409058 0.075812 2.437500 1258.113403 0.087592 2.450000 1258.794312 0.097420 2.462500 1259.489502 0.103319 2.475000 1259.916138 0.104536 2.487500 1259.589355 0.100516 2.500000 1258.711914 0.092234 2.512500 1258.034668 0.081562 2.525000 1257.694824 0.070225 2.537500 1256.102539 0.058441 2.550000 1251.533203 0.049639 2.562500 1247.997559 0.044299 2.575000 1248.279785 0.034302 2.587500 1250.879028 0.023175 2.600000 1252.820068 0.014318 2.612500 1255.029785 0.010644 2.625000 1257.763062 0.016306 2.637500 1257.962891 0.028266 2.650000 1255.656250 0.040496 2.662500 1254.530396 0.051994 2.675000 1254.038818 0.065857 2.687500 1254.433105 0.081670 2.700000 1255.652832 0.092627 2.712500 1256.667725 0.092693 2.725000 1256.361938 0.082526 2.737500 1254.450195 0.071152 2.750000 1252.045776 0.067404 2.762500 1250.270630 0.068574 2.775000 1249.073364 0.067594 2.787500 1248.203735 0.062842 2.800000 1247.418457 0.055330 2.812500 1245.163940 0.047095 2.825000 1243.329346 0.043968 2.837500 1244.807739 0.047968 2.850000 1248.794312 0.061329 2.862500 1250.569702 0.074076 2.875000 1250.220337 0.074949 2.887500 1249.536621 0.068647 2.900000 1248.662476 0.064301 2.912500 1247.336670 0.068237 2.925000 1246.633545 0.081164 2.937500 1246.821533 0.097040 2.950000 1247.298706 0.106814 2.962500 1247.881836 0.105076 2.975000 1248.481323 0.097765 2.987500 1248.391968 0.094445 3.000000 1247.119263 0.097344 3.012500 1245.656616 0.103166 3.025000 1245.218140 0.107192 3.037500 1245.643311 0.108092 3.050000 1246.220215 0.107050 3.062500 1246.646606 0.106561 3.075000 1247.259888 0.107689 3.087500 1248.462646 0.104205 3.100000 1249.922363 0.088526 3.112500 1250.054810 0.061099 3.125000 1245.253174 0.034614 3.137500 1239.156006 0.024964 3.150000 1238.258789 0.020896 3.162500 1240.389893 0.017704 3.175000 1241.763306 0.015468 3.187500 1267.443726 0.015205 3.200000 1269.423584 0.013695 3.212500 1271.670044 0.011439 3.225000 1271.251343 0.011333 3.237500 1264.810669 0.013440 3.250000 1258.899902 0.016254 3.262500 1251.777344 0.015290 3.275000 1246.353027 0.013536 3.287500 1244.738403 0.013450 3.300000 1248.161621 0.014001 3.312500 1251.827271 0.014585 3.325000 1250.688232 0.011783 3.337500 1246.922729 0.008597 3.350000 1247.221558 0.007404 3.362500 1248.099731 0.008340 3.375000 1246.278442 0.009633 3.387500 1247.515015 0.009700 3.400000 1253.963501 0.010439 3.412500 1253.955078 0.012451 3.425000 1251.248657 0.014310 3.437500 1249.447388 0.014153 3.450000 1251.861694 0.010107 3.462500 1251.152588 0.005100 3.475000 1249.461182 0.002613 3.487500 1268.661865 0.003887 3.512500 1259.544678 0.003785 3.525000 1281.301880 0.001824 3.537500 1277.471924 0.002815 3.550000 1272.655029 0.006464 3.562500 1288.132324 0.009965 3.575000 1285.771118 0.010245 3.587500 1286.890015 0.008967 3.600000 1290.883545 0.008508 3.612500 1295.301636 0.009181 3.625000 1294.899536 0.008535 3.637500 1293.611572 0.007821 3.650000 1292.219360 0.007804 3.662500 1290.974976 0.007798 3.675000 1289.384766 0.006905 3.687500 1288.577148 0.005117 3.700000 1289.126831 0.003317 3.712500 1292.379639 0.002544 3.725000 1294.157593 0.002956 3.737500 1320.252686 0.007585 3.750000 1320.252686 0.000000
7 89 0.000000 1.112500
0.000000 1110.912720 0.000241 0.012500 1107.296143 0.001285 0.025000 1112.403198 0.003746 0.037500 1115.035278 0.007000 0.050000 1139.200073 0.010414 0.062500 1143.003052 0.010599 0.075000 1123.382202 0.008414 0.087500 1121.340698 0.013683 0.100000 1112.973999 0.018759 0.112500 1096.924316 0.026014 0.125000 1096.679810 0.032547 0.137500 1097.860962 0.032860 0.150000 1104.484497 0.030852 0.162500 1111.206909 0.031582 0.175000 1113.368652 0.026913 0.187500 1116.772949 0.019311 0.200000 1122.239014 0.018563 0.212500 1119.596313 0.018185 0.225000 1141.795044 0.014303 0.237500 1143.769531 0.014531 0.250000 1141.327881 0.014509 0.262500 1136.405273 0.012582 0.275000 1127.228149 0.010344 0.287500 1125.088379 0.011694 0.300000 1125.156982 0.014662 0.312500 1123.451782 0.017246 0.325000 1121.855591 0.017124 0.337500 1126.015625 0.012732 0.350000 1101.969971 0.008587 0.362500 1078.608887 0.008099 0.375000 1079.363037 0.010798 0.387500 1074.679443 0.012127 0.400000 1067.493774 0.012188 0.412500 1064.958008 0.013244 0.425000 1067.171387 0.013049 0.437500 1097.221436 0.027905 0.450000 1123.805664 0.040596 0.462500 1133.347412 0.046246 0.475000 1136.242676 0.047059 0.487500 1141.182739 0.037613 0.500000 1146.827759 0.034408 0.512500 1150.733643 0.036101 0.525000 1154.094116 0.039324 0.537500 1155.056396 0.041291 0.550000 1153.070801 0.039119 0.562500 1152.912354 0.035116 0.575000 1155.395996 0.032334 0.587500 1158.350952 0.030654 0.600000 1160.251587 0.025992 0.612500 1161.051392 0.022714 0.625000 1161.332031 0.022985 0.637500 1158.179932 0.022137 0.650000 1156.681885 0.017659 0.662500 1153.807983 0.012841 0.675000 1146.626831 0.015228 0.687500 1142.643188 0.020048 0.700000 1135.817139 0.020149 0.712500 1127.493408 0.029054 0.725000 1127.968262 0.036729 0.737500 1129.832031 0.036803 0.750000 1128.638184 0.029673 0.762500 1126.288086 0.021094 0.775000 1127.898193 0.013620 0.787500 1143.666504 0.012117 0.812500 1149.393188 0.008678 0.825000 1142.666870 0.008707 0.837500 1124.134277 0.017197 0.850000 1123.904907 0.018100 0.862500 1121.038208 0.016346 0.875000 1115.275146 0.014576 0.887500 1113.195435 0.012834 0.900000 1114.834229 0.010687 0.912500 1119.825562 0.008932 0.925000 1120.593140 0.007268 0.937500 1119.258911 0.007320 0.950000 1120.958374 0.010983 0.962500 1132.169556 0.017077 0.975000 1126.443970 0.017557 0.987500 1121.356567 0.013178 1.000000 1119.777466 0.009893 1.012500 1121.843994 0.008605 1.025000 1114.439941 0.007831 1.037500 1087.290649 0.015858 1.050000 1087.761597 0.010400 1.062500 1088.232666 0.006245 1.075000 1085.014404 0.005771 1.087500 1115.035522 0.003973 1.100000 1117.195557 0.006024 1.112500 1117.195557 0.000000
8 22 0.000000 0.287500
0.000000 800.084106 0.000677 0.012500 809.196716 0.002663 0.025000 811.915833 0.006395 0.037500 780.843933 0.005716 0.050000 788.108459 0.006906 0.062500 816.411316 0.035632 0.075000 851.306213 0.017445 0.087500 859.600403 0.014616 0.100000 862.548950 0.011341 0.112500 863.323792 0.009195 0.137500 863.951111 0.009079 0.162500 857.981628 0.008659 0.175000 839.329773 0.014400 0.187500 851.670654 0.013740 0.200000 854.700806 0.013554 0.212500 850.230774 0.013337 0.225000 832.953430 0.030431 0.237500 837.836426 0.036974 0.250000 841.256287 0.036671 0.262500 846.757263 0.028993 0.275000 853.726013 0.020065 0.287500 853.726013 0.000000
9 45 0.000000 0.550000
0.000000 669.703918 0.000305 0.012500 655.942444 0.001298 0.025000 650.890320 0.003554 0.037500 652.350281 0.006813 0.050000 653.381470 0.010429 0.062500 653.730408 0.013888 0.075000 654.123291 0.015212 0.087500 652.166931 0.013665 0.100000 651.099121 0.013197 0.112500 653.666382 0.016695 0.125000 660.706177 0.026591 0.137500 656.430237 0.032778 0.150000 651.860779 0.035201 0.162500 658.848328 0.027221 0.175000 666.174866 0.029817 0.187500 667.076172 0.036317 0.200000 662.881592 0.040347 0.212500 661.126526 0.041923 0.225000 666.423340 0.037041 0.237500 672.594299 0.038538 0.250000 668.947693 0.032318 0.262500 662.652771 0.031141 0.275000 662.180786 0.032164 0.287500 662.936035 0.030445 0.300000 666.518127 0.022841 0.312500 670.043762 0.014128 0.325000 676.616638 0.010771 0.337500 682.864990 0.011233 0.350000 691.687622 0.014129 0.362500 691.765198 0.015642 0.375000 689.945801 0.017621 0.387500 687.408386 0.021176 0.400000 680.320679 0.023785 0.412500 670.976562 0.031283 0.425000 667.998047 0.033969 0.437500 670.088379 0.027840 0.450000 673.951843 0.022116 0.462500 672.670044 0.019748 0.475000 661.822021 0.025301 0.487500 665.009460 0.023815 0.500000 678.024658 0.023818 0.512500 679.479309 0.027078 0.525000 681.814270 0.021373 0.537500 703.440613 0.032937 0.550000 703.440613 0.000000
10 198 0.000000 2.687500
0.000000 570.848572 0.000399 0.012500 577.044495 0.001948 0.025000 577.291077 0.004748 0.037500 579.618347 0.007488 0.050000 583.438232 0.007985 0.062500 571.491333 0.006804 0.075000 569.677124 0.010769 0.087500 569.030762 0.016822 0.100000 583.047729 0.017790 0.112500 582.380554 0.014213 0.125000 580.769165 0.011796 0.137500 608.080750 0.007089 0.150000 608.569641 0.011927 0.162500 581.148376 0.008948 0.175000 577.969971 0.009693 0.187500 571.224915 0.013933 0.200000 565.644531 0.019005 0.212500 567.117249 0.020591 0.225000 569.877258 0.020582 0.237500 571.997437 0.020906 0.250000 572.374329 0.018737 0.262500 572.665588 0.015329 0.275000 572.350952 0.014161 0.287500 590.674133 0.009395 0.300000 598.333618 0.011513 0.337500 590.901184 0.009149 0.350000 587.654663 0.006355 0.362500 601.400269 0.003864 0.375000 601.815430 0.004089 0.387500 581.861877 0.007323 0.400000 585.054382 0.011344 0.412500 582.306824 0.016468 0.425000 576.678162 0.022692 0.437500 572.536987 0.029205 0.450000 571.540222 0.032676 0.462500 571.094849 0.029933 0.475000 565.457642 0.022778 0.487500 561.782227 0.018071 0.500000 555.568787 0.013212 0.512500 547.046082 0.009328 0.525000 560.811523 0.006637 0.537500 538.947754 0.014935 0.550000 542.893616 0.018477 0.562500 546.133179 0.021662 0.575000 545.304077 0.023106 0.587500 540.354004 0.024129 0.612500 538.411560 0.022116 0.625000 540.993652 0.022104 0.637500 544.178406 0.023921 0.650000 551.022339 0.024927 0.662500 555.812744 0.025970 0.675000 555.775513 0.021168 0.687500 551.773193 0.015553 0.700000 553.163269 0.016852 0.725000 566.120300 0.044330 0.737500 565.849915 0.044225 0.750000 569.365967 0.037084 0.762500 592.229431 0.058671 0.775000 602.764221 0.051594 0.787500 604.872131 0.037069 0.800000 604.835327 0.024957 0.812500 605.405273 0.018663 0.825000 572.803650 0.034844 0.837500 571.052307 0.026907 0.850000 571.567139 0.018090 0.862500 571.988098 0.013067 0.875000 572.740784 0.010975 0.887500 572.109009 0.010997 0.900000 546.376404 0.029157 0.912500 548.251953 0.029712 0.925000 545.944824 0.023742 0.937500 532.691650 0.020920 0.950000 526.594116 0.021226 0.962500 526.075989 0.017076 0.975000 529.720886 0.011648 0.987500 531.174561 0.010040 1.000000 535.184814 0.012342 1.012500 540.539368 0.019257 1.025000 542.826843 0.025753 1.037500 545.114746 0.026018 1.050000 550.156921 0.020569 1.062500 550.562622 0.013579 1.075000 548.547302 0.010524 1.087500 550.984619 0.012409 1.100000 559.393860 0.016852 1.112500 553.830750 0.015841 1.125000 550.797302 0.014707 1.137500 547.451477 0.014017 1.150000 541.813293 0.013927 1.162500 541.437134 0.013659 1.175000 544.726868 0.012337 1.187500 539.622498 0.009204 1.200000 535.385864 0.009768 1.212500 536.604004 0.012998 1.225000 537.951050 0.016684 1.237500 535.323792 0.018236 1.250000 533.824463 0.017589 1.262500 535.225952 0.014924 1.275000 535.595154 0.011644 1.287500 534.262878 0.007900 1.300000 517.597412 0.007032 1.312500 503.636475 0.013028 1.325000 502.345581 0.013374 1.337500 497.571228 0.013323 1.350000 496.536743 0.014573 1.362500 496.106262 0.015046 1.375000 492.376587 0.013569 1.387500 485.731537 0.011274 1.400000 480.914795 0.012333 1.412500 481.496582 0.014469 1.425000 484.135284 0.015570 1.437500 478.865021 0.013443 1.475000 478.135986 0.007462 1.487500 477.119751 0.009409 1.512500 481.838379 0.010536 1.525000 486.193512 0.010933 1.537500 491.445404 0.014946 1.550000 495.210327 0.018817 1.562500 498.654724 0.017806 1.575000 501.727509 0.013567 1.587500 502.446991 0.009974 1.600000 500.262634 0.008652 1.612500 496.699615 0.008425 1.625000 498.298706 0.007653 1.637500 497.425293 0.008405 1.650000 490.162628 0.013601 1.662500 488.386536 0.023846 1.675000 490.018311 0.033570 1.687500 493.191345 0.039371 1.700000 495.367584 0.038586 1.712500 495.261047 0.030915 1.725000 492.744232 0.020731 1.737500 486.056458 0.012524 1.750000 493.298706 0.005458 1.762500 497.533234 0.005251 1.775000 501.502411 0.010315 1.787500 493.488190 0.014889 1.800000 485.592712 0.020238 1.812500 482.845886 0.026699 1.825000 483.619263 0.029008 1.837500 488.211914 0.027202 1.850000 493.811035 0.025442 1.862500 498.734558 0.025275 1.875000 500.940063 0.021668 1.887500 497.431824 0.013358 1.900000 492.424774 0.007484 1.912500 494.244080 0.006232 1.925000 505.919556 0.010746 1.937500 540.710754 0.022273 1.950000 544.043335 0.036015 1.962500 547.292542 0.042219 1.975000 546.679871 0.034471 1.987500 545.809326 0.020424 2.000000 548.114563 0.010587 2.012500 552.248413 0.009228 2.025000 559.597900 0.017807 2.037500 553.954773 0.025025 2.075000 546.406433 0.021705 2.087500 551.512512 0.013643 2.100000 550.802185 0.009294 2.112500 548.960510 0.008612 2.137500 573.039001 0.019989 2.150000 574.059692 0.022810 2.162500 580.462952 0.022186 2.175000 586.108276 0.021198 2.187500 585.074463 0.014528 2.200000 584.094971 0.007610 2.212500 585.807312 0.004411 2.225000 588.963989 0.003857 2.237500 591.711304 0.004344 2.262500 597.264221 0.012467 2.275000 598.496094 0.012966 2.287500 625.817688 0.014941 2.312500 627.560303 0.009172 2.325000 632.027649 0.007195 2.337500 634.149780 0.007196 2.350000 632.552612 0.006785 2.362500 636.077515 0.006489 2.375000 659.279907 0.009897 2.387500 667.452515 0.009716 2.400000 678.802185 0.013412 2.412500 684.671875 0.017021 2.450000 668.218933 0.006934 2.462500 688.403381 0.011214 2.475000 714.391418 0.009545 2.487500 713.846313 0.007927 2.512500 695.628174 0.044231 2.525000 699.068115 0.048448 2.537500 703.203125 0.044269 2.550000 714.688904 0.037586 2.575000 694.580933 0.023653 2.587500 704.341858 0.031889 2.600000 707.266846 0.031785 2.612500 712.726379 0.031989 2.625000 715.354004 0.030799 2.637500 721.645508 0.026438 2.675000 729.760132 0.018700 2.687500 729.760132 0.000000
11 30 0.000000 0.375000
0.000000 399.185333 0.000557 0.012500 397.383362 0.003254 0.025000 387.339020 0.009095 0.037500 386.658783 0.017291 0.050000 389.555176 0.023799 0.062500 393.167297 0.027605 0.075000 397.369904 0.029174 0.087500 398.549011 0.027895 0.100000 398.532532 0.027549 0.112500 399.370850 0.031596 0.125000 402.984436 0.037804 0.137500 408.948914 0.045183 0.150000 411.779449 0.044845 0.162500 413.036682 0.031877 0.175000 416.339081 0.016923 0.187500 421.050171 0.009261 0.200000 429.575836 0.007593 0.212500 442.402710 0.007301 0.225000 445.422974 0.009181 0.237500 446.120087 0.010950 0.250000 442.408417 0.010203 0.262500 437.709961 0.008603 0.275000 437.254272 0.007574 0.287500 457.560516 0.009047 0.300000 453.897888 0.010691 0.312500 452.160370 0.010343 0.325000 458.790375 0.007136 0.337500 436.408661 0.012778 0.362500 440.437195 0.013928 0.375000 440.437195 0.000000
12 215 0.000000 2.800000
0.000000 209.817932 0.000661 0.012500 202.378189 0.003831 0.025000 195.993774 0.010280 0.037500 188.764511 0.016946 0.050000 186.509689 0.019821 0.062500 184.744278 0.017166 0.075000 179.855011 0.013510 0.087500 177.163223 0.012981 0.100000 184.506958 0.013227 0.112500 186.560699 0.016310 0.125000 179.525192 0.017783 0.137500 173.822266 0.025049 0.150000 176.484848 0.028914 0.162500 180.804993 0.032639 0.175000 181.333954 0.033708 0.187500 178.018127 0.031097 0.200000 176.066925 0.028996 0.212500 175.789597 0.026298 0.225000 175.713669 0.021843 0.237500 175.132050 0.016221 0.250000 175.106369 0.013709 0.262500 175.094223 0.016827 0.275000 174.392731 0.022268 0.287500 174.742523 0.022745 0.300000 183.916901 0.020092 0.312500 190.948425 0.023413 0.325000 192.196411 0.024983 0.337500 192.791595 0.023005 0.350000 195.031021 0.023792 0.362500 196.828308 0.029571 0.375000 196.383850 0.031601 0.387500 195.528809 0.024916 0.400000 196.180145 0.016456 0.412500 195.776978 0.016666 0.425000 197.106628 0.024023 0.437500 199.504257 0.029512 0.450000 196.082626 0.027334 0.462500 191.929810 0.026393 0.475000 189.819809 0.027778 0.487500 191.175156 0.027634 0.500000 193.274658 0.026810 0.512500 200.304825 0.026088 0.525000 222.325531 0.032422 0.550000 235.367371 0.011928 0.562500 234.819901 0.009065 0.575000 217.930893 0.011252 0.587500 210.775879 0.016878 0.600000 205.519547 0.022602 0.612500 197.270203 0.016599 0.625000 192.700439 0.013256 0.637500 189.991135 0.016932 0.650000 184.947632 0.021548 0.662500 180.078491 0.021246 0.675000 172.594315 0.017901 0.687500 174.488022 0.013659 0.700000 177.234390 0.015618 0.712500 181.799530 0.021018 0.725000 182.325546 0.022836 0.737500 182.698975 0.022604 0.750000 180.717789 0.021978 0.762500 176.020111 0.024033 0.775000 175.154541 0.024380 0.800000 165.422653 0.011625 0.825000 157.184738 0.025738 0.850000 153.547577 0.020440 0.862500 146.464722 0.022884 0.875000 143.056747 0.026728 0.887500 137.206497 0.032912 0.900000 139.215454 0.032658 0.912500 144.145981 0.028477 0.925000 144.219421 0.026992 0.937500 141.728394 0.028243 0.950000 147.017548 0.027377 0.962500 150.058029 0.033490 0.975000 148.068222 0.042079 0.987500 141.885895 0.051380 1.000000 143.727692 0.050103 1.012500 145.912109 0.045544 1.025000 148.678543 0.043163 1.037500 156.062683 0.041089 1.050000 155.672531 0.036364 1.062500 152.243423 0.031830 1.075000 135.774231 0.046413 1.087500 134.643585 0.049610 1.100000 133.282089 0.044911 1.112500 133.780106 0.042334 1.125000 136.131714 0.046399 1.137500 137.622574 0.048594 1.150000 132.240448 0.041380 1.162500 130.043991 0.036740 1.175000 133.180176 0.034294 1.187500 148.220520 0.045429 1.200000 149.379745 0.044974 1.212500 154.646484 0.033529 1.225000 157.545761 0.026352 1.237500 157.460770 0.024975 1.250000 149.796371 0.024953 1.262500 145.294342 0.024021 1.275000 142.145142 0.021949 1.287500 137.761169 0.022439 1.300000 135.771484 0.027462 1.312500 137.817932 0.034318 1.325000 147.345428 0.042403 1.337500 153.363571 0.048514 1.350000 154.287811 0.043221 1.362500 153.995438 0.035640 1.375000 150.823029 0.029318 1.387500 135.017242 0.026773 1.400000 132.770493 0.025714 1.412500 134.604675 0.020376 1.425000 150.485184 0.021158 1.437500 150.529846 0.024480 1.450000 150.025986 0.029521 1.462500 149.443283 0.038510 1.475000 150.377258 0.044753 1.487500 152.239624 0.044168 1.500000 152.904816 0.039185 1.512500 152.120209 0.033639 1.525000 151.929718 0.028961 1.537500 153.194931 0.023044 1.550000 145.041946 0.016106 1.562500 141.173950 0.021255 1.575000 163.951324 0.033826 1.587500 161.914490 0.046874 1.600000 162.663940 0.053936 1.612500 164.132919 0.048929 1.625000 169.515717 0.033842 1.637500 171.321732 0.022251 1.650000 170.036011 0.019051 1.662500 156.725662 0.021924 1.675000 151.375748 0.024336 1.687500 152.049637 0.021064 1.700000 152.399826 0.016076 1.712500 148.425339 0.013359 1.725000 130.652328 0.017681 1.737500 126.257660 0.016383 1.750000 120.627724 0.016505 1.762500 115.871338 0.021502 1.775000 131.427460 0.023202 1.787500 135.249695 0.032917 1.800000 134.626419 0.035929 1.812500 132.455856 0.034936 1.825000 132.242615 0.035393 1.837500 133.235016 0.039188 1.850000 134.016678 0.043784 1.862500 134.293411 0.045218 1.875000 133.737991 0.043809 1.887500 132.615067 0.044225 1.900000 132.258163 0.049092 1.912500 132.637436 0.055254 1.925000 132.942535 0.057197 1.937500 133.603851 0.053987 1.950000 134.565048 0.049463 1.962500 135.150833 0.045797 1.975000 136.022125 0.040747 1.987500 138.644135 0.033897 2.000000 142.026962 0.028015 2.012500 142.589508 0.022882 2.025000 140.081055 0.018880 2.037500 136.871719 0.017385 2.050000 136.481598 0.017267 2.062500 136.268524 0.018292 2.075000 135.200699 0.018942 2.087500 131.853333 0.017244 2.100000 127.106316 0.015953 2.112500 123.183891 0.016188 2.125000 110.792183 0.018541 2.137500 96.386749 0.036373 2.150000 90.534508 0.047115 2.162500 92.368973 0.047972 2.175000 95.648636 0.042714 2.187500 96.076317 0.039905 2.200000 92.387665 0.040565 2.212500 89.986397 0.043766 2.225000 91.138092 0.041106 2.237500 95.006248 0.036679 2.250000 93.903290 0.032043 2.262500 116.635666 0.009775 2.300000 144.536102 0.017016 2.312500 179.707214 0.013068 2.337500 196.475998 0.012994 2.350000 193.030212 0.018142 2.362500 197.404541 0.018508 2.375000 202.284561 0.015410 2.387500 202.762634 0.011748 2.412500 183.262131 0.017490 2.425000 154.811432 0.020247 2.437500 123.108429 0.010118 2.450000 103.999771 0.012238 2.462500 111.612701 0.020027 2.475000 112.941704 0.024544 2.487500 114.480659 0.022528 2.500000 124.551552 0.015851 2.512500 137.018784 0.013725 2.525000 146.112320 0.010929 2.537500 151.111847 0.009734 2.550000 152.828934 0.010795 2.562500 153.408157 0.013416 2.575000 157.585800 0.012841 2.587500 163.749573 0.012640 2.612500 152.638809 0.010945 2.625000 153.315445 0.011694 2.637500 154.213974 0.013725 2.650000 155.962891 0.016602 2.662500 156.221756 0.018273 2.675000 155.883194 0.018470 2.687500 158.079865 0.017205 2.700000 162.331238 0.017292 2.712500 163.818527 0.017083 2.725000 161.402222 0.014001 2.737500 164.986542 0.009213 2.750000 152.673111 0.003358 2.775000 109.532913 0.011172 2.787500 78.033745 0.015751 2.800000 78.033745 0.000000
13 368 0.012500 4.712500
0.012500 2841.273682 0.002683 0.025000 2839.175537 0.006989 0.037500 2859.019287 0.009016 0.050000 2865.566162 0.011024 0.062500 2866.389160 0.011820 0.075000 2864.117676 0.012430 0.087500 2858.281006 0.014257 0.100000 2831.063477 0.028745 0.112500 2824.735352 0.030264 0.125000 2820.612061 0.026671 0.137500 2805.504639 0.019872 0.150000 2801.068359 0.018000 0.162500 2797.826904 0.016912 0.175000 2813.335205 0.011108 0.187500 2834.449707 0.024229 0.200000 2832.006348 0.027164 0.212500 2831.694580 0.024665 0.225000 2835.218994 0.018230 0.237500 2841.342285 0.012726 0.250000 2845.735840 0.011868 0.262500 2846.749512 0.015346 0.275000 2846.684082 0.020884 0.287500 2849.638672 0.024967 0.300000 2853.697998 0.026529 0.312500 2856.627930 0.025527 0.325000 2857.406982 0.023032 0.337500 2853.809082 0.019748 0.350000 2843.801270 0.020413 0.362500 2850.906250 0.017915 0.375000 2880.833984 0.016665 0.387500 2908.006836 0.012441 0.400000 2927.260742 0.010986 0.412500 2929.449463 0.011728 0.425000 2926.485107 0.011262 0.437500 2920.207520 0.011909 0.450000 2886.198242 0.016302 0.462500 2883.625732 0.014363 0.475000 2851.197998 0.013184 0.487500 2848.696533 0.011310 0.500000 2870.460938 0.009530 0.512500 2902.118408 0.009505 0.525000 2902.102051 0.011413 0.537500 2897.904297 0.010238 0.550000 2875.757812 0.009359 0.562500 2877.329346 0.007027 0.575000 2899.595947 0.007218 0.587500 2933.183594 0.008076 0.600000 2904.542480 0.015877 0.612500 2913.265869 0.016567 0.625000 2914.534668 0.017233 0.637500 2931.262207 0.014169 0.650000 2959.396729 0.010329 0.662500 2958.543945 0.012998 0.675000 2962.438477 0.015452 0.687500 2963.998047 0.015733 0.700000 2961.137939 0.013044 0.712500 2959.025391 0.010871 0.725000 2960.967529 0.010315 0.737500 2962.929199 0.011357 0.750000 2962.664062 0.011464 0.762500 2961.694580 0.010398 0.775000 2958.517822 0.008883 0.800000 2984.355957 0.004633 0.812500 2982.197510 0.004192 0.825000 2975.856445 0.003556 0.837500 2938.231934 0.003279 0.850000 2897.551514 0.005733 0.875000 2923.334717 0.008051 0.887500 2920.437012 0.007865 0.900000 2941.134521 0.008299 0.925000 2969.153320 0.003963 0.937500 2972.128418 0.005208 0.950000 2972.288574 0.006359 0.962500 2973.095947 0.007545 0.975000 2971.934814 0.008453 0.987500 2974.406738 0.009201 1.000000 2974.874512 0.011938 1.025000 2990.283691 0.009825 1.037500 2989.483643 0.013470 1.050000 2960.548096 0.021159 1.062500 2961.132324 0.024050 1.075000 2933.640625 0.028117 1.087500 2926.883301 0.019997 1.100000 2926.335693 0.013680 1.112500 2917.965820 0.008201 1.125000 2919.383789 0.007113 1.137500 2932.843994 0.014747 1.150000 2930.247559 0.019732 1.162500 2921.251221 0.018996 1.175000 2916.932861 0.017774 1.187500 2916.616455 0.014157 1.200000 2946.246338 0.011968 1.212500 2963.530273 0.009411 1.225000 2972.217041 0.015916 1.237500 2970.869629 0.020770 1.250000 2969.683594 0.025397 1.262500 2968.257812 0.025498 1.275000 2961.957031 0.018930 1.287500 2957.687744 0.013320 1.300000 2965.306641 0.010546 1.312500 2980.675049 0.023818 1.325000 2972.312500 0.022967 1.337500 2969.542480 0.019950 1.350000 2971.181152 0.014940 1.362500 2981.658691 0.010374 1.375000 3000.494141 0.022167 1.387500 3022.457031 0.026153 1.400000 3014.676025 0.038801 1.437500 2953.639893 0.012750 1.450000 2926.791260 0.006984 1.462500 2926.665527 0.006635 1.475000 2926.232666 0.009201 1.487500 2926.399902 0.011756 1.500000 2926.505859 0.012484 1.512500 2926.274170 0.010817 1.525000 2926.306885 0.008097 1.537500 2925.120117 0.007138 1.550000 2923.863770 0.009646 1.562500 2924.825195 0.013116 1.575000 2927.680420 0.013610 1.587500 2934.098633 0.009761 1.600000 2938.553223 0.006338 1.612500 2917.337646 0.004080 1.637500 2915.736816 0.011852 1.650000 2918.781250 0.022291 1.662500 2910.659424 0.034684 1.675000 2947.356201 0.048961 1.687500 2946.260498 0.035710 1.700000 2949.719727 0.023040 1.712500 2950.409668 0.019356 1.725000 2972.734375 0.011005 1.737500 3009.530518 0.011843 1.750000 2983.522217 0.012682 1.762500 2994.674561 0.019547 1.775000 2992.550049 0.020910 1.787500 2993.176758 0.017977 1.800000 2999.849365 0.014748 1.812500 3004.809082 0.013713 1.825000 3006.210693 0.011027 1.837500 3011.987305 0.010132 1.850000 3019.542236 0.011348 1.862500 3022.872559 0.010047 1.875000 3050.103027 0.018045 1.887500 3053.008301 0.021869 1.900000 3057.773682 0.026579 1.912500 3059.341064 0.025695 1.925000 3060.195312 0.019529 1.937500 3064.771484 0.012481 1.950000 3067.925537 0.011109 1.962500 3068.987793 0.012560 1.975000 3072.433838 0.011727 1.987500 3079.818604 0.012929 2.000000 3080.622070 0.018123 2.012500 3076.955078 0.022082 2.025000 3068.281738 0.022673 2.037500 3066.696045 0.019336 2.050000 3065.500244 0.019039 2.062500 3063.440918 0.032341 2.075000 3063.808350 0.059780 2.087500 3065.912842 0.092107 2.100000 3066.762695 0.116423 2.112500 3066.648926 0.126345 2.125000 3066.820068 0.128658 2.137500 3067.729736 0.132185 2.150000 3068.959717 0.137427 2.162500 3070.059570 0.137637 2.175000 3070.750977 0.129038 2.187500 3070.675537 0.116724 2.200000 3069.913574 0.112125 2.212500 3069.255615 0.122294 2.225000 3068.370850 0.142908 2.237500 3067.005615 0.162366 2.250000 3066.064697 0.168544 2.262500 3066.083008 0.153920 2.275000 3064.826904 0.119333 2.287500 3055.075684 0.098270 2.300000 3045.366211 0.122574 2.312500 3034.450684 0.117751 2.325000 3032.657227 0.106271 2.337500 3033.841553 0.086083 2.350000 3034.370361 0.066314 2.362500 3064.053711 0.051879 2.375000 3065.510742 0.039510 2.387500 3065.978516 0.043431 2.400000 3066.036621 0.055928 2.412500 3065.146240 0.063477 2.425000 3063.161865 0.057757 2.437500 3058.124023 0.041858 2.450000 3046.873535 0.037506 2.462500 3043.866455 0.046081 2.475000 3048.493164 0.053113 2.487500 3052.654785 0.069289 2.500000 3055.201416 0.080828 2.512500 3057.695557 0.080738 2.525000 3059.415039 0.070548 2.537500 3057.020264 0.050640 2.550000 3049.509033 0.043106 2.562500 3047.650146 0.049715 2.575000 3054.076660 0.056713 2.587500 3058.477051 0.068584 2.600000 3058.482910 0.065674 2.612500 3058.156006 0.048383 2.625000 3066.871826 0.032053 2.637500 3047.840332 0.027536 2.650000 3019.322266 0.044459 2.662500 3018.818359 0.041153 2.675000 3017.740234 0.035562 2.687500 3013.845703 0.032149 2.700000 3011.236328 0.030410 2.712500 3040.912109 0.041659 2.725000 3035.118896 0.038914 2.737500 3032.080811 0.039054 2.750000 3035.712891 0.038489 2.762500 3041.818359 0.051859 2.775000 3044.393799 0.066923 2.787500 3045.523438 0.069819 2.800000 3046.603516 0.065857 2.812500 3048.066162 0.061898 2.825000 3051.198975 0.061010 2.837500 3053.917480 0.064959 2.850000 3052.729004 0.067217 2.862500 3046.970459 0.072048 2.875000 3040.778320 0.089055 2.887500 3038.668945 0.101749 2.900000 3038.251465 0.107032 2.912500 3038.099365 0.114329 2.925000 3038.125732 0.125516 2.937500 3037.686523 0.134076 2.950000 3036.412354 0.137499 2.962500 3035.863525 0.139692 2.975000 3036.948730 0.140795 2.987500 3038.353516 0.138651 3.000000 3038.037354 0.123034 3.012500 3035.244629 0.093776 3.025000 3028.618408 0.066633 3.037500 3027.508301 0.050577 3.050000 3032.019531 0.046445 3.062500 3058.635254 0.073732 3.075000 3058.345215 0.070478 3.087500 3056.239014 0.055641 3.100000 3027.658203 0.045503 3.112500 3050.813721 0.048997 3.125000 3052.665527 0.037967 3.137500 3062.432129 0.022298 3.150000 3066.593994 0.019255 3.162500 3069.882812 0.025430 3.175000 3074.440674 0.036560 3.187500 3079.234131 0.045999 3.200000 3105.447754 0.060831 3.212500 3107.479248 0.060165 3.225000 3081.104248 0.049408 3.237500 3078.523682 0.061965 3.250000 3079.546875 0.065107 3.262500 3095.603516 0.059869 3.275000 3100.242432 0.069955 3.287500 3102.201416 0.075117 3.300000 3103.806885 0.074745 3.312500 3102.609131 0.073934 3.325000 3098.072266 0.083887 3.337500 3092.942871 0.105195 3.350000 3091.519531 0.102257 3.362500 3087.927979 0.079121 3.375000 3082.258789 0.061500 3.387500 3079.517090 0.055104 3.400000 3080.663086 0.052971 3.412500 3082.800293 0.055146 3.425000 3087.219971 0.053222 3.437500 3095.114502 0.058404 3.450000 3096.232178 0.068726 3.462500 3093.705811 0.070790 3.475000 3076.749023 0.066425 3.487500 3070.482178 0.068153 3.500000 3066.036133 0.063339 3.512500 3065.369629 0.056113 3.525000 3067.826172 0.058310 3.537500 3070.975830 0.077142 3.550000 3073.884033 0.088225 3.562500 3083.533447 0.080911 3.575000 3087.468750 0.086443 3.587500 3094.223877 0.116372 3.600000 3096.489990 0.149421 3.612500 3095.127441 0.150728 3.625000 3091.098633 0.127763 3.637500 3088.102295 0.093161 3.650000 3093.638428 0.061761 3.662500 3098.086914 0.047986 3.675000 3105.948730 0.049121 3.687500 3103.640381 0.055175 3.700000 3081.619873 0.132481 3.712500 3088.802002 0.134367 3.725000 3090.094238 0.130135 3.737500 3089.717529 0.125422 3.750000 3087.550781 0.119595 3.762500 3082.885742 0.112241 3.775000 3065.567627 0.121325 3.787500 3067.325195 0.153400 3.800000 3062.035400 0.135478 3.812500 3059.022217 0.102409 3.825000 3041.597412 0.074391 3.837500 3038.961670 0.069925 3.850000 3041.098145 0.064481 3.862500 3044.205322 0.064579 3.875000 3045.059814 0.073137 3.887500 3045.864014 0.087449 3.900000 3045.605469 0.090365 3.912500 3043.458740 0.074732 3.925000 3041.264160 0.059269 3.937500 3039.455811 0.054671 3.950000 3038.131348 0.051837 3.962500 3036.058350 0.040606 3.975000 3025.568848 0.032939 3.987500 3022.894531 0.033450 4.000000 3024.798584 0.035679 4.012500 3024.866943 0.044055 4.025000 3004.141602 0.062104 4.037500 2981.142334 0.080043 4.050000 2982.936523 0.081369 4.062500 2988.081299 0.091036 4.075000 2985.320068 0.080640 4.087500 2980.773438 0.067864 4.100000 2978.964600 0.065722 4.112500 2976.985352 0.065325 4.125000 2973.138672 0.061879 4.137500 2971.523926 0.055058 4.150000 2974.758789 0.044592 4.162500 2980.650146 0.046114 4.175000 2981.922607 0.055523 4.187500 2980.278076 0.068425 4.200000 2980.187256 0.083413 4.212500 2982.915771 0.093961 4.225000 2986.484863 0.101732 4.237500 2988.926270 0.107210 4.250000 2989.710938 0.103036 4.262500 2986.710449 0.081170 4.275000 2980.635254 0.063518 4.287500 2978.421631 0.059841 4.300000 2974.715088 0.064454 4.312500 2970.191650 0.067780 4.325000 2974.208496 0.051935 4.337500 2981.019043 0.037606 4.350000 2992.079590 0.034393 4.362500 2994.933838 0.028525 4.375000 2966.344727 0.030500 4.387500 2968.436279 0.041622 4.400000 2968.850342 0.047023 4.412500 2973.395996 0.039137 4.425000 2977.014893 0.030140 4.437500 2978.822021 0.020062 4.450000 2986.547852 0.021755 4.462500 2990.166504 0.040758 4.475000 2988.678711 0.061556 4.487500 2989.566162 0.075095 4.500000 2989.571289 0.075134 4.512500 2984.980225 0.063989 4.525000 2979.729736 0.053988 4.537500 2977.637939 0.035808 4.550000 2971.216064 0.020618 4.562500 2990.228027 0.019474 4.575000 2984.445557 0.030586 4.587500 2987.443359 0.044434 4.600000 2993.217041 0.059858 4.612500 2995.327148 0.073624 4.625000 2993.995117 0.069095 4.637500 2990.536377 0.051198 4.650000 2991.094238 0.030679 4.662500 2995.457520 0.018205 4.700000 3023.701904 0.046367 4.712500 3023.701904 0.000000
14 220 0.012500 2.800000
0.012500 2715.761719 0.001347 0.025000 2717.424316 0.004671 0.037500 2713.030762 0.011805 0.050000 2702.695801 0.024914 0.062500 2702.058350 0.036724 0.075000 2701.504395 0.038893 0.087500 2700.744141 0.031411 0.100000 2698.272705 0.023205 0.112500 2720.032471 0.018246 0.125000 2698.503418 0.037363 0.137500 2708.023438 0.046874 0.150000 2713.403809 0.044390 0.162500 2719.233643 0.034330 0.175000 2683.238037 0.021198 0.187500 2690.503906 0.027045 0.200000 2695.491211 0.037099 0.212500 2695.107422 0.042265 0.225000 2693.340820 0.044555 0.237500 2689.606934 0.043417 0.250000 2683.350342 0.038083 0.262500 2679.251465 0.033063 0.275000 2676.898438 0.031685 0.287500 2676.163086 0.028675 0.300000 2672.859619 0.024281 0.312500 2672.162598 0.022317 0.325000 2676.491943 0.027495 0.337500 2649.603027 0.034027 0.350000 2639.311768 0.039556 0.362500 2634.839844 0.048428 0.375000 2632.984131 0.045684 0.387500 2618.819336 0.039042 0.400000 2616.742432 0.029533 0.412500 2645.907959 0.042753 0.425000 2653.231201 0.043973 0.437500 2658.603271 0.043817 0.450000 2659.182617 0.034508 0.462500 2637.047852 0.029707 0.487500 2633.021729 0.036823 0.500000 2630.072510 0.039768 0.512500 2626.720703 0.035267 0.525000 2619.283691 0.025678 0.537500 2646.646729 0.022068 0.550000 2645.738770 0.022052 0.562500 2644.762451 0.027082 0.575000 2644.182617 0.028627 0.587500 2619.234375 0.028771 0.600000 2619.312988 0.028716 0.612500 2619.955078 0.025595 0.625000 2634.131836 0.022301 0.637500 2637.401367 0.021305 0.650000 2640.414307 0.019019 0.662500 2647.387451 0.020447 0.675000 2654.437500 0.020587 0.687500 2632.364014 0.012506 0.700000 2654.812500 0.015504 0.712500 2651.756836 0.018805 0.725000 2655.521973 0.023795 0.737500 2665.477783 0.024808 0.750000 2662.204834 0.016801 0.762500 2659.794922 0.014938 0.800000 2663.091064 0.036999 0.812500 2663.742188 0.044172 0.825000 2659.235107 0.042226 0.837500 2651.552246 0.036007 0.850000 2650.595947 0.032651 0.862500 2651.652100 0.036992 0.875000 2651.328125 0.045370 0.887500 2649.032715 0.050624 0.900000 2647.819824 0.052425 0.912500 2647.283691 0.051095 0.925000 2648.534424 0.044620 0.937500 2651.758789 0.036785 0.950000 2653.181396 0.034866 0.962500 2652.935059 0.036918 0.975000 2654.413818 0.037899 0.987500 2657.865479 0.037700 1.000000 2663.532471 0.034789 1.012500 2667.472900 0.024767 1.025000 2693.976074 0.026799 1.037500 2691.980225 0.033834 1.050000 2694.157959 0.032987 1.062500 2696.275391 0.025944 1.075000 2692.894287 0.018489 1.087500 2715.480469 0.019433 1.100000 2678.425049 0.014870 1.112500 2650.750732 0.016528 1.125000 2648.831299 0.015569 1.137500 2646.647949 0.017443 1.150000 2648.079102 0.016429 1.162500 2659.170410 0.012380 1.175000 2636.846191 0.012367 1.187500 2637.057617 0.020314 1.200000 2637.518555 0.034807 1.212500 2635.646729 0.051234 1.225000 2633.543213 0.060578 1.237500 2631.568359 0.060487 1.250000 2631.560059 0.058679 1.262500 2632.002197 0.063508 1.275000 2631.471924 0.073789 1.287500 2631.442139 0.079088 1.300000 2632.293213 0.070983 1.312500 2631.972412 0.050134 1.325000 2626.250488 0.030090 1.337500 2626.455811 0.024291 1.350000 2629.456299 0.034360 1.362500 2629.686035 0.045535 1.375000 2626.481689 0.044885 1.387500 2621.158936 0.039401 1.400000 2617.932373 0.034739 1.412500 2600.059570 0.028217 1.425000 2592.888916 0.034375 1.437500 2588.110107 0.042499 1.450000 2586.636719 0.044975 1.462500 2590.968994 0.039321 1.475000 2594.270508 0.032937 1.487500 2601.052734 0.025211 1.500000 2606.678467 0.026621 1.512500 2605.021973 0.033952 1.525000 2601.840332 0.044450 1.537500 2599.733154 0.045744 1.550000 2598.408936 0.036433 1.562500 2599.297363 0.028714 1.587500 2604.295410 0.029328 1.600000 2598.438965 0.024784 1.612500 2595.377930 0.020943 1.625000 2616.690674 0.018838 1.637500 2616.443848 0.026029 1.650000 2611.719238 0.034114 1.662500 2607.552246 0.042446 1.675000 2606.281494 0.038967 1.687500 2599.728516 0.029137 1.700000 2590.737549 0.026278 1.712500 2589.160156 0.024900 1.725000 2591.850586 0.026832 1.737500 2593.005127 0.037745 1.750000 2590.584473 0.053236 1.762500 2586.702148 0.063928 1.775000 2587.514160 0.053426 1.787500 2597.942627 0.032456 1.800000 2602.040527 0.026476 1.812500 2612.975830 0.030565 1.825000 2614.063721 0.027488 1.837500 2619.504395 0.018298 1.850000 2618.323242 0.011561 1.862500 2619.770996 0.010912 1.875000 2646.236816 0.040010 1.887500 2649.895752 0.044233 1.900000 2649.921143 0.038221 1.912500 2646.489990 0.026981 1.925000 2662.790771 0.019417 1.937500 2668.941895 0.028755 1.950000 2697.179932 0.041288 1.962500 2699.633057 0.054231 1.975000 2699.209229 0.056939 1.987500 2701.496582 0.051198 2.000000 2705.547119 0.049989 2.012500 2709.025146 0.056460 2.025000 2707.688477 0.055459 2.037500 2706.867188 0.047293 2.050000 2709.976318 0.039420 2.062500 2714.316162 0.037934 2.075000 2717.531006 0.030355 2.087500 2694.690430 0.025604 2.100000 2697.899658 0.022482 2.112500 2704.952881 0.025654 2.125000 2709.511719 0.029896 2.137500 2711.338867 0.031471 2.150000 2710.630127 0.034303 2.162500 2704.053223 0.039312 2.175000 2700.939209 0.045571 2.187500 2700.516357 0.044400 2.200000 2699.140869 0.038520 2.212500 2697.108887 0.033441 2.225000 2696.849121 0.035634 2.237500 2699.182129 0.046052 2.250000 2701.623047 0.058544 2.262500 2702.439209 0.064183 2.275000 2702.179199 0.062758 2.287500 2699.631104 0.057524 2.300000 2695.551514 0.053949 2.312500 2692.934814 0.045827 2.325000 2697.332031 0.029378 2.337500 2699.923584 0.020525 2.350000 2698.460938 0.021151 2.362500 2692.323730 0.027785 2.375000 2692.418457 0.029749 2.387500 2690.039307 0.026507 2.400000 2679.895996 0.027281 2.412500 2678.646973 0.029096 2.425000 2675.633789 0.031658 2.437500 2651.959961 0.045421 2.450000 2650.587402 0.052419 2.462500 2652.978027 0.046449 2.475000 2659.114746 0.045219 2.487500 2664.540283 0.057431 2.500000 2665.589355 0.055962 2.512500 2665.794922 0.042956 2.525000 2665.351318 0.035105 2.537500 2665.261719 0.039679 2.550000 2670.296875 0.050179 2.562500 2674.385986 0.060679 2.575000 2671.989990 0.052718 2.587500 2663.519043 0.040947 2.600000 2643.342285 0.032103 2.612500 2633.978271 0.036402 2.625000 2632.628662 0.035379 2.637500 2629.866455 0.027553 2.650000 2625.616455 0.028162 2.662500 2654.491699 0.036514 2.675000 2655.149658 0.036932 2.687500 2655.805908 0.035638 2.700000 2655.852783 0.034370 2.712500 2658.647217 0.032759 2.725000 2661.219727 0.032254 2.737500 2663.833252 0.026361 2.750000 2645.727051 0.027408 2.762500 2648.162842 0.028555 2.775000 2648.218750 0.028418 2.787500 2627.464600 0.031961 2.800000 2627.464600 0.000000
15 5 0.012500 0.062500
0.012500 2600.642090 0.002512 0.025000 2594.624268 0.004872 0.037500 2614.102539 0.007683 0.050000 2640.163086 0.034647 0.062500 2640.163086 0.000000
16 19 0.012500 0.237500
0.012500 2551.079346 0.002679 0.025000 2548.474121 0.009126 0.037500 2550.085449 0.020323 0.050000 2520.509277 0.014703 0.062500 2515.013916 0.018279 0.075000 2509.485596 0.016619 0.087500 2539.621338 0.017044 0.100000 2535.688232 0.019423 0.112500 2565.228760 0.039760 0.125000 2568.028564 0.041792 0.137500 2570.968018 0.037028 0.150000 2571.894043 0.030174 0.162500 2569.814209 0.023470 0.175000 2562.552490 0.018804 0.187500 2558.503906 0.017123 0.200000 2555.193359 0.016445 0.212500 2552.654053 0.020033 0.225000 2553.142334 0.023886 0.237500 2553.142334 0.000000
17 352 0.012500 4.625000
0.012500 2292.142090 0.001552 0.025000 2293.015869 0.003939 0.037500 2293.199463 0.006382 0.050000 2293.206055 0.007580 0.062500 2293.078857 0.007441 0.075000 2292.028809 0.005973 0.087500 2305.147217 0.005517 0.100000 2308.895996 0.006863 0.112500 2280.550293 0.010506 0.125000 2281.552979 0.011350 0.137500 2281.579834 0.010460 0.150000 2282.052979 0.010005 0.162500 2282.273193 0.010725 0.175000 2281.207031 0.010689 0.187500 2280.362549 0.009146 0.200000 2279.621094 0.008117 0.212500 2277.950195 0.009263 0.225000 2278.174561 0.010731 0.237500 2281.214111 0.010166 0.250000 2298.566406 0.009338 0.262500 2298.473145 0.009066 0.275000 2296.501953 0.009406 0.287500 2294.736572 0.010675 0.300000 2296.906006 0.009943 0.312500 2302.384766 0.007324 0.325000 2307.352783 0.005589 0.337500 2306.855957 0.005420 0.350000 2296.733154 0.007507 0.362500 2294.252930 0.012333 0.375000 2293.500000 0.016648 0.387500 2293.467773 0.018750 0.400000 2295.772949 0.018546 0.412500 2296.690918 0.018945 0.425000 2295.061279 0.019630 0.437500 2294.788086 0.018086 0.450000 2298.842529 0.014682 0.462500 2302.403809 0.012262 0.475000 2302.886230 0.009524 0.487500 2300.986816 0.007634 0.500000 2299.229492 0.008221 0.512500 2290.966553 0.009328 0.525000 2293.167236 0.007580 0.537500 2292.585449 0.005164 0.550000 2289.349609 0.004030 0.562500 2275.773193 0.004750 0.575000 2276.414551 0.004835 0.587500 2275.642822 0.004453 0.600000 2268.903809 0.003878 0.612500 2257.924072 0.005108 0.625000 2253.018066 0.007326 0.637500 2241.989990 0.010037 0.650000 2240.620361 0.010040 0.662500 2242.938477 0.006672 0.675000 2245.807373 0.003546 0.687500 2249.571045 0.003430 0.700000 2223.449219 0.004320 0.712500 2224.721680 0.004173 0.725000 2218.388916 0.005175 0.737500 2215.491699 0.007388 0.750000 2208.274902 0.008587 0.762500 2205.045898 0.009311 0.775000 2204.531494 0.010122 0.787500 2202.939453 0.010894 0.812500 2231.237793 0.006599 0.825000 2211.750244 0.003146 0.837500 2213.287598 0.003983 0.850000 2205.850098 0.005614 0.862500 2231.716797 0.005996 0.875000 2230.237793 0.006654 0.887500 2236.544678 0.008874 0.900000 2240.258545 0.011775 0.912500 2235.868896 0.010512 0.925000 2230.147949 0.009323 0.937500 2228.801025 0.007858 0.975000 2250.913818 0.006330 0.987500 2243.026123 0.004559 1.000000 2244.171631 0.003698 1.012500 2247.743408 0.004013 1.025000 2247.011475 0.004827 1.037500 2244.018311 0.005512 1.050000 2243.233154 0.005503 1.062500 2243.753418 0.005027 1.075000 2243.869141 0.004736 1.087500 2245.629639 0.004264 1.100000 2252.252930 0.003748 1.112500 2252.711426 0.003465 1.125000 2248.322266 0.003604 1.137500 2240.685547 0.004720 1.150000 2234.954590 0.005820 1.162500 2232.998779 0.006035 1.175000 2229.793457 0.005401 1.187500 2223.681885 0.004858 1.200000 2221.147949 0.005181 1.212500 2222.497070 0.005314 1.225000 2225.120605 0.004716 1.237500 2223.858887 0.003866 1.250000 2224.439941 0.003982 1.287500 2248.605225 0.003859 1.300000 2252.029297 0.002173 1.337500 2235.008789 0.008097 1.350000 2235.860107 0.013624 1.362500 2254.040527 0.020031 1.375000 2252.230225 0.029778 1.387500 2254.289062 0.031610 1.400000 2256.938965 0.026152 1.412500 2257.479004 0.018148 1.425000 2254.046875 0.012889 1.437500 2250.036377 0.011739 1.450000 2237.212646 0.010928 1.462500 2234.349854 0.012209 1.475000 2237.964844 0.013123 1.487500 2242.009033 0.014717 1.500000 2242.575684 0.014673 1.512500 2244.829834 0.014432 1.525000 2246.812500 0.016261 1.537500 2270.634277 0.019940 1.550000 2295.194580 0.016180 1.562500 2325.013672 0.012616 1.575000 2332.774658 0.009249 1.587500 2351.264893 0.012559 1.600000 2350.110352 0.015312 1.612500 2350.416504 0.018080 1.625000 2350.220947 0.021923 1.637500 2349.535156 0.024112 1.650000 2351.132568 0.021255 1.662500 2355.541992 0.016594 1.675000 2357.126709 0.014227 1.687500 2357.806396 0.013578 1.700000 2359.884033 0.013512 1.712500 2361.037354 0.015099 1.725000 2361.066162 0.018256 1.737500 2362.383057 0.020015 1.750000 2369.378418 0.018734 1.762500 2370.542725 0.017263 1.775000 2368.697510 0.017598 1.787500 2398.299561 0.018695 1.800000 2401.525879 0.017096 1.812500 2404.575684 0.015044 1.825000 2418.354736 0.014417 1.837500 2418.033691 0.015288 1.875000 2409.055908 0.015498 1.887500 2414.910889 0.019405 1.900000 2411.957764 0.022148 1.912500 2409.819580 0.021802 1.925000 2406.210693 0.017721 1.937500 2396.717041 0.016819 1.950000 2396.777344 0.016929 1.962500 2402.364502 0.016773 1.975000 2404.435059 0.017048 1.987500 2423.588623 0.017418 2.000000 2424.391846 0.017415 2.012500 2420.764893 0.017153 2.025000 2420.739502 0.016813 2.037500 2428.631592 0.016539 2.050000 2434.443848 0.019535 2.062500 2439.134277 0.020854 2.075000 2446.378418 0.021879 2.087500 2446.648438 0.016616 2.100000 2439.050049 0.010017 2.112500 2434.573730 0.007627 2.125000 2409.780518 0.016314 2.137500 2379.535400 0.015334 2.150000 2378.897461 0.012470 2.162500 2374.885254 0.009233 2.175000 2374.438477 0.006570 2.187500 2377.901855 0.005494 2.212500 2392.357910 0.008047 2.225000 2389.945801 0.006330 2.237500 2388.245361 0.005540 2.250000 2387.136719 0.007302 2.262500 2410.954590 0.010401 2.275000 2405.638672 0.012649 2.287500 2406.656494 0.012402 2.300000 2407.785645 0.011609 2.312500 2407.768799 0.011605 2.325000 2409.702393 0.012275 2.337500 2416.722900 0.015162 2.350000 2419.710449 0.020719 2.362500 2421.261963 0.024982 2.375000 2423.690186 0.028978 2.387500 2423.208740 0.028000 2.400000 2415.753174 0.024127 2.412500 2411.532227 0.021401 2.425000 2387.832520 0.020975 2.437500 2388.124268 0.018319 2.450000 2396.570068 0.017204 2.462500 2396.478516 0.014104 2.475000 2391.830322 0.010822 2.487500 2406.852539 0.011379 2.512500 2404.848389 0.035707 2.525000 2406.841309 0.040898 2.537500 2411.010986 0.034382 2.550000 2415.746826 0.027708 2.562500 2416.687744 0.026582 2.575000 2418.145264 0.028264 2.587500 2425.162109 0.025677 2.600000 2424.994385 0.017829 2.612500 2425.183105 0.014656 2.625000 2407.074951 0.017740 2.637500 2410.158691 0.028017 2.650000 2407.469727 0.030187 2.662500 2404.772705 0.025393 2.675000 2402.088135 0.018982 2.687500 2400.901855 0.014210 2.700000 2400.405518 0.013317 2.712500 2398.632812 0.017455 2.725000 2397.913574 0.024237 2.737500 2398.204102 0.029384 2.750000 2397.279541 0.030924 2.762500 2392.914062 0.027907 2.775000 2387.931885 0.025512 2.787500 2389.198975 0.021318 2.800000 2414.805664 0.031726 2.812500 2413.283447 0.036318 2.825000 2413.848877 0.032917 2.837500 2415.645508 0.025074 2.850000 2420.131836 0.020478 2.862500 2427.605957 0.022704 2.875000 2456.962158 0.028363 2.887500 2452.894043 0.022943 2.900000 2439.216309 0.020090 2.912500 2406.065430 0.016254 2.925000 2405.790283 0.021173 2.937500 2407.788574 0.024164 2.950000 2409.871582 0.026273 2.962500 2408.693359 0.026021 2.975000 2403.905762 0.022676 2.987500 2385.692627 0.023816 3.000000 2384.887939 0.022406 3.012500 2387.461914 0.021181 3.025000 2392.000000 0.021825 3.037500 2395.550293 0.022682 3.050000 2399.519531 0.023210 3.062500 2422.549561 0.024800 3.075000 2423.404297 0.025448 3.100000 2434.489990 0.015938 3.112500 2433.576660 0.018713 3.125000 2417.352783 0.023065 3.137500 2415.525146 0.024126 3.150000 2414.104492 0.022899 3.162500 2414.075684 0.019747 3.175000 2412.129639 0.014123 3.187500 2380.410400 0.012496 3.200000 2378.579590 0.009636 3.212500 2399.352783 0.009785 3.225000 2402.323486 0.012716 3.237500 2405.226562 0.013328 3.250000 2394.262451 0.010499 3.262500 2393.820068 0.008737 3.275000 2393.262207 0.010745 3.287500 2388.264160 0.013246 3.300000 2385.932129 0.013001 3.312500 2418.301270 0.013649 3.325000 2413.377197 0.014191 3.337500 2412.116699 0.014652 3.350000 2422.111328 0.013624 3.362500 2428.762207 0.017000 3.375000 2428.766846 0.017225 3.387500 2431.667969 0.018563 3.412500 2438.870361 0.021402 3.425000 2429.777588 0.013568 3.437500 2424.658691 0.011216 3.450000 2420.995605 0.011415 3.462500 2420.387451 0.009543 3.475000 2406.121582 0.006950 3.487500 2425.158447 0.005411 3.512500 2420.281738 0.012662 3.525000 2426.723389 0.017170 3.537500 2428.350586 0.023304 3.550000 2426.126221 0.025575 3.562500 2422.129395 0.023833 3.575000 2422.129639 0.018782 3.600000 2438.140137 0.013318 3.612500 2438.654053 0.014580 3.637500 2416.900635 0.024516 3.650000 2419.306641 0.022706 3.662500 2421.524170 0.019689 3.675000 2425.467773 0.018573 3.687500 2428.989502 0.019301 3.700000 2427.088867 0.019271 3.712500 2424.274902 0.021506 3.725000 2423.650146 0.023930 3.737500 2425.715820 0.022458 3.750000 2424.314453 0.017431 3.762500 2396.520996 0.014935 3.775000 2373.017334 0.013726 3.787500 2400.139648 0.018374 3.800000 2401.774658 0.020984 3.812500 2403.336914 0.026248 3.825000 2403.948730 0.029418 3.837500 2405.331787 0.027256 3.850000 2406.532715 0.022790 3.862500 2405.885254 0.020346 3.875000 2405.144775 0.021491 3.887500 2408.855469 0.022570 3.900000 2415.949707 0.024463 3.912500 2421.822021 0.026965 3.937500 2446.056641 0.028428 3.950000 2448.270752 0.026436 3.962500 2453.063232 0.026633 3.975000 2454.141602 0.029902 3.987500 2454.125732 0.033485 4.000000 2456.851318 0.033664 4.012500 2460.447754 0.029037 4.025000 2460.038574 0.022691 4.037500 2458.386230 0.022239 4.050000 2456.733398 0.027261 4.062500 2458.525879 0.028621 4.075000 2467.142334 0.028632 4.087500 2493.967041 0.029993 4.112500 2472.485840 0.036709 4.125000 2474.536377 0.025742 4.137500 2477.849121 0.019014 4.150000 2478.001953 0.017350 4.162500 2476.389160 0.017048 4.175000 2470.542480 0.016344 4.187500 2466.554688 0.017450 4.200000 2466.592773 0.015806 4.212500 2476.069336 0.012163 4.225000 2474.855469 0.008294 4.237500 2476.355225 0.006484 4.250000 2481.828125 0.011495 4.262500 2482.363281 0.019987 4.275000 2484.390137 0.026162 4.287500 2488.647461 0.026476 4.300000 2490.009033 0.022418 4.312500 2484.666260 0.019656 4.325000 2482.125732 0.028003 4.337500 2483.932861 0.040208 4.350000 2486.643555 0.048203 4.362500 2488.546387 0.043978 4.375000 2496.754883 0.031022 4.387500 2499.225830 0.023391 4.400000 2497.704834 0.021881 4.412500 2483.239990 0.024925 4.425000 2483.864014 0.023366 4.437500 2485.960449 0.017635 4.450000 2488.096436 0.016252 4.462500 2486.160645 0.017545 4.475000 2482.586914 0.018719 4.487500 2483.791748 0.016398 4.500000 2488.050293 0.014236 4.512500 2489.992432 0.014410 4.525000 2462.715088 0.012555 4.537500 2459.469727 0.015539 4.550000 2456.039307 0.019531 4.562500 2460.333008 0.020807 4.575000 2465.361084 0.023145 4.587500 2468.316650 0.020888 4.600000 2451.219971 0.016061 4.612500 2471.863525 0.012426 4.625000 2471.863525 0.000000
18 27 0.012500 0.337500
0.012500 693.686096 0.000875 0.025000 712.770508 0.002125 0.037500 724.242676 0.004594 0.050000 727.431335 0.007160 0.062500 699.507568 0.002198 0.075000 700.204712 0.007589 0.087500 730.759644 0.005811 0.100000 701.554626 0.034781 0.112500 704.584045 0.040410 0.125000 706.415466 0.033830 0.137500 708.685425 0.019430 0.150000 713.699951 0.009838 0.162500 715.710876 0.009525 0.175000 700.987122 0.014308 0.187500 697.000732 0.020559 0.200000 693.644531 0.026764 0.212500 692.878845 0.025701 0.225000 704.948730 0.018534 0.237500 706.203857 0.019178 0.250000 683.521729 0.030809 0.262500 693.706726 0.036145 0.275000 694.883667 0.033309 0.287500 697.045349 0.022733 0.300000 701.142700 0.012527 0.312500 705.193665 0.007516 0.325000 703.919800 0.006702 0.337500 703.919800 0.000000
19 60 0.012500 0.812500
0.012500 323.216400 0.001279 0.025000 313.034058 0.003242 0.037500 303.023834 0.006745 0.050000 299.886505 0.010945 0.062500 302.294922 0.012679 0.075000 305.785675 0.011242 0.087500 315.996246 0.008527 0.100000 298.924500 0.004461 0.112500 300.280273 0.005472 0.125000 316.432465 0.011279 0.137500 316.262360 0.012059 0.150000 313.338562 0.010942 0.162500 309.963837 0.011681 0.175000 308.337524 0.013694 0.187500 310.801056 0.013797 0.200000 313.976807 0.012348 0.212500 317.469696 0.011023 0.225000 320.296051 0.010996 0.237500 318.257599 0.009732 0.262500 317.898010 0.004811 0.275000 321.290100 0.004153 0.287500 326.219940 0.006031 0.300000 319.728577 0.007039 0.312500 306.715759 0.009155 0.325000 307.132843 0.011708 0.337500 311.655518 0.011965 0.362500 314.434875 0.007516 0.375000 310.563965 0.004709 0.387500 314.465363 0.003640 0.400000 318.436859 0.004134 0.412500 330.922668 0.005690 0.425000 333.731415 0.005949 0.450000 330.761993 0.005909 0.462500 305.819427 0.010747 0.475000 275.443665 0.012394 0.512500 312.499329 0.021392 0.525000 341.488586 0.027711 0.537500 337.864075 0.030712 0.550000 335.670044 0.030460 0.562500 335.031769 0.030576 0.575000 337.562012 0.032286 0.587500 344.357574 0.036917 0.600000 347.041962 0.039148 0.612500 343.851746 0.034204 0.625000 341.332733 0.031236 0.637500 343.806091 0.027528 0.650000 349.394318 0.026907 0.662500 352.403198 0.028661 0.675000 358.053131 0.030417 0.687500 353.966095 0.023554 0.700000 349.011292 0.016541 0.712500 347.965576 0.015141 0.725000 349.474579 0.017012 0.737500 357.559845 0.017041 0.750000 361.468445 0.015543 0.762500 369.192871 0.012235 0.775000 374.117310 0.009962 0.787500 375.200714 0.010811 0.800000 378.312927 0.016026 0.812500 378.312927 0.000000
20 21 0.012500 0.300000
0.012500 64.672073 0.009478 0.025000 64.941505 0.022958 0.037500 64.261284 0.037489 0.050000 64.129677 0.045193 0.062500 64.374680 0.043926 0.075000 64.947632 0.037190 0.087500 65.519073 0.028550 0.100000 66.033051 0.021567 0.112500 66.044724 0.019046 0.125000 64.176857 0.017625 0.137500 75.226547 0.012684 0.150000 83.561501 0.011967 0.162500 88.711449 0.015986 0.175000 92.135353 0.018327 0.187500 95.851845 0.017682 0.200000 96.941315 0.014257 0.212500 112.477768 0.014988 0.250000 93.595680 0.012554 0.262500 96.106796 0.010181 0.287500 88.854233 0.014241 0.300000 88.854233 0.000000
21 53 0.025000 0.712500
0.025000 920.835510 0.007308 0.037500 914.670044 0.014989 0.050000 918.813904 0.026596 0.062500 942.818298 0.060720 0.075000 947.808899 0.089293 0.087500 921.573792 0.060248 0.100000 920.657837 0.063911 0.112500 922.048645 0.071873 0.125000 922.665894 0.072827 0.137500 921.790833 0.059036 0.150000 921.794434 0.038149 0.162500 923.847168 0.020556 0.175000 923.385986 0.012174 0.187500 922.677612 0.014239 0.200000 915.952637 0.019642 0.212500 914.599426 0.024451 0.225000 914.069153 0.030326 0.237500 914.665100 0.034257 0.250000 915.051758 0.030063 0.262500 906.617493 0.019558 0.275000 885.405518 0.026866 0.287500 880.237671 0.025372 0.300000 873.180603 0.022413 0.312500 865.124329 0.014426 0.325000 856.344543 0.011512 0.337500 887.453125 0.022062 0.350000 915.978760 0.022768 0.362500 919.357422 0.029394 0.375000 916.470947 0.047678 0.387500 912.597351 0.067717 0.400000 915.997192 0.070180 0.412500 915.793091 0.061135 0.425000 910.320007 0.049266 0.437500 912.066528 0.035091 0.450000 914.209961 0.023150 0.462500 928.535339 0.018536 0.475000 927.652527 0.019508 0.487500 919.909058 0.024997 0.500000 915.659363 0.035117 0.512500 914.921448 0.035463 0.525000 913.090393 0.029521 0.537500 913.840149 0.019581 0.550000 917.545349 0.010942 0.587500 914.953186 0.017291 0.600000 916.317200 0.020637 0.612500 917.248047 0.017175 0.625000 914.752747 0.011198 0.650000 932.494995 0.028140 0.662500 928.537903 0.044748 0.675000 920.131165 0.048814 0.687500 911.647522 0.045078 0.700000 902.414734 0.039452 0.712500 902.414734 0.000000
22 98 0.025000 1.287500
0.025000 337.311249 0.003324 0.062500 342.752472 0.011349 0.075000 342.185242 0.013464 0.087500 345.664093 0.019649 0.100000 352.955261 0.030389 0.112500 355.009003 0.035964 0.125000 357.599335 0.034212 0.137500 359.716949 0.028999 0.150000 359.051208 0.022574 0.162500 358.255585 0.017996 0.175000 359.877289 0.016246 0.187500 359.940735 0.018868 0.200000 359.231995 0.024861 0.212500 359.949066 0.029252 0.225000 360.721344 0.027111 0.237500 358.996094 0.020119 0.250000 357.813812 0.015405 0.262500 357.775787 0.015459 0.275000 357.535126 0.018119 0.287500 356.262970 0.019473 0.300000 355.278229 0.018019 0.312500 353.476471 0.015003 0.325000 348.622345 0.014720 0.337500 344.792816 0.020173 0.350000 346.203125 0.023771 0.362500 349.127380 0.023373 0.375000 349.689606 0.020019 0.387500 350.460266 0.017326 0.400000 355.399658 0.018245 0.412500 359.910248 0.024948 0.425000 362.779572 0.033150 0.437500 368.340576 0.039593 0.450000 377.224945 0.041076 0.462500 382.509857 0.038966 0.475000 384.358612 0.030654 0.487500 382.097137 0.020069 0.500000 380.669891 0.015776 0.512500 378.448303 0.018004 0.525000 375.939240 0.024239 0.537500 377.276337 0.029526 0.550000 384.047913 0.032037 0.562500 397.855499 0.046259 0.575000 400.646820 0.058553 0.587500 400.339447 0.054859 0.600000 400.951843 0.036210 0.612500 406.913910 0.022657 0.625000 406.536560 0.024488 0.637500 397.834167 0.038614 0.650000 398.432068 0.045281 0.662500 406.001007 0.037813 0.675000 409.393372 0.028301 0.687500 410.916077 0.018336 0.700000 414.384399 0.013364 0.712500 416.165680 0.015286 0.725000 405.329285 0.018906 0.737500 404.859619 0.022384 0.750000 405.357147 0.021273 0.762500 405.599152 0.020375 0.775000 404.851685 0.021310 0.787500 402.335266 0.022778 0.800000 398.932343 0.024556 0.812500 394.281403 0.024743 0.825000 385.641602 0.019499 0.837500 386.752136 0.012101 0.850000 391.626038 0.011728 0.862500 401.576599 0.022275 0.875000 395.978516 0.024879 0.887500 391.731201 0.022133 0.900000 390.143036 0.017654 0.912500 392.031403 0.014264 0.925000 398.762177 0.014214 0.937500 424.889557 0.016227 0.950000 457.082794 0.017537 0.962500 451.156494 0.018365 0.975000 441.745361 0.024798 0.987500 440.168060 0.024554 1.000000 439.595764 0.018234 1.012500 441.210846 0.011773 1.025000 444.657990 0.010143 1.037500 447.703827 0.012261 1.050000 451.903076 0.012983 1.062500 460.892914 0.014318 1.075000 462.081055 0.017135 1.087500 462.718414 0.019893 1.100000 462.998627 0.021243 1.112500 460.998749 0.021046 1.125000 455.215027 0.021765 1.162500 453.502625 0.029334 1.175000 457.788513 0.028317 1.187500 455.938843 0.024163 1.200000 452.864380 0.020707 1.212500 452.605408 0.015734 1.225000 456.995544 0.010666 1.237500 456.782288 0.008258 1.250000 439.677063 0.008153 1.262500 444.051880 0.006846 1.275000 451.889160 0.006454 1.287500 451.889160 0.000000
23 148 0.025000 1.962500
0.025000 246.645081 0.008193 0.037500 249.536636 0.014526 0.050000 248.230255 0.018046 0.062500 244.773560 0.016593 0.075000 254.598358 0.009312 0.087500 262.457092 0.009241 0.100000 262.810028 0.010311 0.112500 254.127579 0.010405 0.125000 253.848328 0.010153 0.137500 258.881287 0.010233 0.150000 266.187225 0.014399 0.162500 265.920441 0.016293 0.175000 265.951447 0.015724 0.187500 266.569336 0.015190 0.200000 267.670258 0.015865 0.212500 271.460541 0.016189 0.225000 279.071899 0.015708 0.237500 284.475220 0.015799 0.250000 287.267517 0.017819 0.262500 286.605408 0.019636 0.275000 283.427124 0.020828 0.287500 280.717163 0.020558 0.300000 278.175323 0.017462 0.312500 278.031158 0.013013 0.325000 280.216248 0.010463 0.337500 283.639343 0.011146 0.350000 284.275513 0.011856 0.362500 283.535706 0.011421 0.375000 282.070496 0.010695 0.387500 272.940887 0.010163 0.400000 265.583954 0.011518 0.412500 258.884460 0.010750 0.425000 253.551285 0.011359 0.437500 257.878204 0.009892 0.450000 259.068665 0.008613 0.462500 249.918060 0.009245 0.475000 252.638367 0.010901 0.487500 271.206696 0.017098 0.500000 271.625122 0.020219 0.512500 273.595520 0.020476 0.525000 272.966980 0.020658 0.537500 270.063782 0.022563 0.550000 269.183929 0.024082 0.562500 270.294006 0.022924 0.575000 270.990814 0.020050 0.587500 272.933685 0.016524 0.600000 276.055420 0.015596 0.612500 277.816925 0.017493 0.625000 276.864716 0.017716 0.637500 272.313263 0.014367 0.650000 271.140533 0.009942 0.662500 275.470245 0.007938 0.675000 290.485626 0.012665 0.700000 309.976898 0.014627 0.712500 304.981476 0.016235 0.725000 263.214813 0.032598 0.737500 241.654251 0.021960 0.750000 234.801712 0.023943 0.762500 232.522614 0.027971 0.775000 230.324692 0.027368 0.812500 247.836304 0.016134 0.850000 275.116669 0.011744 0.862500 282.020721 0.008372 0.875000 288.980225 0.006840 0.887500 284.119476 0.004902 0.900000 279.595428 0.006824 0.912500 279.328247 0.011357 0.925000 283.099762 0.015564 0.937500 283.958710 0.016983 0.950000 282.818665 0.014342 0.962500 277.579926 0.010332 0.975000 275.990662 0.009277 0.987500 279.562988 0.011488 1.000000 288.429230 0.018973 1.012500 290.835968 0.023824 1.025000 294.367004 0.023578 1.037500 293.341095 0.018615 1.050000 291.403320 0.014264 1.062500 293.389374 0.011680 1.075000 306.329803 0.013370 1.087500 307.652496 0.013309 1.100000 308.659058 0.014543 1.112500 305.583130 0.015101 1.125000 295.531036 0.015114 1.137500 292.638855 0.015120 1.150000 294.043457 0.013515 1.162500 298.052216 0.011958 1.175000 298.028107 0.009909 1.187500 294.917053 0.008911 1.200000 273.501831 0.018262 1.212500 278.697693 0.020998 1.225000 283.216156 0.019547 1.237500 287.378448 0.016530 1.250000 288.831116 0.013170 1.262500 289.047577 0.009247 1.275000 285.500122 0.005279 1.287500 276.595795 0.002412 1.300000 272.654968 0.004351 1.325000 282.430267 0.017678 1.337500 283.504913 0.021373 1.350000 283.569977 0.022551 1.362500 283.176086 0.023536 1.375000 283.049744 0.022611 1.387500 286.967346 0.018054 1.400000 287.959656 0.014489 1.412500 285.771088 0.015499 1.425000 281.012085 0.020476 1.437500 279.430145 0.021244 1.450000 307.899658 0.007071 1.462500 311.439850 0.006206 1.500000 287.839478 0.005741 1.512500 288.660767 0.009670 1.525000 287.927063 0.012350 1.537500 288.900421 0.013362 1.550000 290.892700 0.013438 1.562500 290.521759 0.011991 1.575000 285.680847 0.010152 1.587500 284.681091 0.009945 1.600000 286.198669 0.009963 1.612500 286.335388 0.008518 1.625000 284.790710 0.007133 1.637500 285.080444 0.009343 1.650000 282.394409 0.014116 1.662500 282.173279 0.016846 1.675000 283.469727 0.017164 1.687500 284.670288 0.018816 1.700000 288.518433 0.022445 1.712500 291.073181 0.025860 1.725000 291.399567 0.024013 1.737500 284.819763 0.018482 1.750000 284.331726 0.014723 1.762500 288.064148 0.014767 1.775000 290.041779 0.017207 1.787500 284.990479 0.016685 1.800000 285.444641 0.014342 1.812500 288.785950 0.013104 1.825000 294.727936 0.012651 1.837500 298.154724 0.010284 1.850000 298.578918 0.008379 1.862500 295.108612 0.009344 1.875000 293.860046 0.012909 1.887500 294.010010 0.016194 1.900000 291.088959 0.016843 1.912500 283.898102 0.015992 1.925000 281.055481 0.017259 1.937500 282.969757 0.020513 1.950000 284.557312 0.024945 1.962500 284.557312 0.000000
24 169 0.025000 2.137500
0.025000 114.065308 0.012282 0.037500 119.999901 0.021671 0.050000 121.459129 0.028246 0.062500 119.737724 0.027931 0.075000 118.139084 0.025036 0.087500 118.018349 0.024043 0.100000 118.302055 0.025351 0.112500 119.163177 0.026781 0.125000 122.307991 0.027670 0.137500 127.059799 0.030896 0.150000 128.673630 0.034943 0.162500 129.586670 0.039793 0.175000 130.415405 0.044535 0.187500 131.118683 0.046603 0.200000 132.319763 0.043210 0.212500 133.105713 0.034625 0.225000 130.841736 0.025912 0.237500 129.195023 0.027340 0.250000 130.890869 0.037370 0.262500 135.002838 0.049189 0.275000 137.625595 0.054211 0.287500 140.256073 0.051479 0.300000 140.993896 0.041305 0.312500 136.180145 0.028716 0.325000 134.412704 0.024063 0.337500 135.772232 0.026188 0.350000 135.907700 0.032813 0.362500 135.782501 0.036946 0.375000 139.228790 0.035093 0.387500 143.542694 0.032778 0.400000 143.570099 0.032931 0.412500 141.492401 0.039734 0.425000 137.840698 0.052063 0.437500 136.398773 0.061760 0.450000 136.640640 0.063192 0.462500 136.817627 0.058187 0.475000 136.511948 0.049795 0.487500 137.235794 0.043136 0.500000 138.464691 0.044695 0.512500 138.534378 0.053452 0.525000 137.624542 0.063887 0.537500 137.250870 0.072642 0.550000 137.316559 0.078863 0.562500 137.837982 0.079651 0.575000 138.755066 0.072598 0.587500 139.032410 0.060227 0.600000 138.351868 0.048994 0.612500 137.849869 0.043381 0.625000 137.904663 0.041341 0.637500 136.936478 0.037838 0.650000 134.711365 0.032916 0.662500 134.451767 0.030181 0.675000 137.764923 0.031163 0.687500 140.885773 0.036881 0.700000 139.235306 0.040799 0.712500 136.667297 0.045536 0.725000 136.795029 0.048152 0.737500 138.305939 0.047975 0.750000 138.778076 0.046554 0.762500 139.222412 0.044508 0.775000 140.528320 0.042264 0.787500 140.590179 0.039502 0.800000 140.683350 0.035317 0.812500 143.152451 0.028565 0.825000 137.877304 0.016781 0.837500 158.701691 0.024007 0.850000 181.320328 0.019944 0.862500 182.261566 0.020297 0.875000 182.943298 0.020755 0.887500 183.326920 0.020652 0.900000 181.834839 0.020177 0.912500 181.914139 0.022448 0.925000 184.600357 0.025395 0.937500 183.503586 0.023898 0.950000 181.970673 0.021542 0.962500 183.385468 0.023734 0.975000 189.319046 0.031172 0.987500 188.746231 0.034343 1.000000 187.721619 0.029466 1.012500 196.171875 0.020970 1.025000 197.907837 0.017791 1.050000 181.528595 0.024892 1.062500 180.885391 0.024750 1.075000 178.135437 0.030653 1.087500 177.560944 0.039886 1.100000 178.684418 0.040473 1.112500 182.612671 0.030109 1.125000 184.789780 0.018507 1.137500 185.278244 0.014323 1.150000 184.853989 0.016769 1.162500 186.731903 0.021139 1.175000 188.032547 0.024884 1.187500 186.346329 0.026130 1.200000 185.998886 0.026076 1.212500 189.388702 0.025722 1.225000 202.613007 0.031964 1.237500 207.148026 0.034956 1.250000 211.474594 0.036840 1.262500 215.314697 0.040818 1.275000 219.362366 0.043111 1.287500 222.675507 0.037474 1.300000 231.348373 0.030059 1.312500 235.809357 0.027958 1.325000 234.842026 0.022013 1.337500 232.547913 0.015946 1.350000 232.668732 0.012119 1.362500 232.245239 0.011191 1.375000 231.881546 0.010907 1.387500 238.901306 0.008408 1.400000 244.310699 0.009018 1.412500 248.732681 0.014606 1.425000 247.509064 0.020139 1.437500 247.901657 0.025459 1.450000 247.651505 0.034199 1.462500 244.419067 0.042946 1.475000 242.193268 0.041053 1.487500 249.695282 0.028872 1.500000 252.097107 0.020284 1.512500 250.577332 0.016780 1.525000 247.612823 0.018121 1.537500 245.796646 0.020821 1.550000 246.161011 0.023589 1.562500 246.582565 0.026922 1.575000 245.294312 0.030494 1.587500 244.003754 0.031405 1.600000 246.519531 0.027318 1.612500 248.406036 0.023927 1.625000 248.875198 0.023555 1.637500 249.690140 0.022484 1.650000 259.897308 0.020219 1.662500 261.081055 0.021520 1.675000 256.165161 0.025341 1.687500 250.644119 0.034936 1.700000 251.660355 0.036435 1.712500 252.181747 0.030599 1.725000 250.249359 0.021907 1.737500 246.967484 0.015145 1.750000 244.035339 0.012183 1.762500 223.712646 0.021920 1.775000 234.829086 0.028822 1.787500 242.634628 0.031201 1.800000 248.810516 0.030609 1.812500 250.166473 0.026224 1.825000 249.778915 0.023974 1.837500 249.706787 0.026314 1.850000 252.839310 0.027213 1.862500 258.258942 0.024998 1.875000 259.566864 0.019985 1.887500 257.779266 0.014903 1.900000 255.877045 0.012714 1.912500 257.868408 0.011773 1.925000 258.535217 0.011111 1.937500 256.605591 0.010486 1.950000 260.281555 0.011654 1.962500 281.557922 0.023719 1.975000 287.407898 0.015731 1.987500 290.438965 0.010981 2.000000 293.189880 0.010828 2.012500 294.524139 0.012249 2.025000 290.502380 0.012362 2.037500 276.282379 0.018349 2.050000 279.080994 0.022195 2.062500 278.059540 0.022404 2.075000 273.870483 0.020127 2.087500 267.434448 0.016781 2.100000 262.354675 0.015692 2.112500 258.162415 0.014812 2.125000 240.975800 0.019011 2.137500 240.975800 0.000000
25 86 0.037500 1.112500
0.037500 2361.642090 0.005799 0.050000 2368.443604 0.009133 0.062500 2370.086426 0.010471 0.075000 2375.185791 0.008373 0.100000 2392.097168 0.006169 0.112500 2414.525146 0.006093 0.125000 2415.255371 0.009045 0.137500 2415.179932 0.012519 0.150000 2420.540039 0.014691 0.162500 2425.251221 0.016423 0.175000 2421.641846 0.014571 0.187500 2415.454102 0.014746 0.200000 2414.139648 0.015807 0.212500 2418.393066 0.014563 0.225000 2433.228760 0.013180 0.237500 2437.576416 0.012945 0.250000 2440.247314 0.011971 0.262500 2440.455322 0.011256 0.275000 2441.685303 0.010635 0.287500 2444.452148 0.012019 0.300000 2446.086426 0.015309 0.312500 2446.315186 0.017131 0.325000 2447.178467 0.015656 0.337500 2447.291260 0.013661 0.350000 2446.726562 0.015209 0.362500 2448.140381 0.020454 0.375000 2451.999756 0.028077 0.387500 2453.355225 0.036500 0.400000 2450.781250 0.039820 0.412500 2446.385010 0.039743 0.425000 2448.826416 0.032373 0.437500 2471.259277 0.033328 0.450000 2465.540039 0.034518 0.462500 2466.264648 0.026870 0.475000 2464.240723 0.018689 0.487500 2447.566162 0.018122 0.500000 2452.185059 0.026184 0.512500 2450.272461 0.027140 0.525000 2448.316406 0.025004 0.537500 2446.017822 0.021713 0.550000 2441.254883 0.019848 0.562500 2436.000488 0.019886 0.575000 2432.483154 0.016003 0.587500 2425.282227 0.010854 0.600000 2449.849365 0.006597 0.612500 2459.180908 0.008724 0.625000 2455.600098 0.013234 0.637500 2437.953125 0.021664 0.650000 2452.842285 0.028885 0.662500 2458.073242 0.029440 0.675000 2455.226807 0.021791 0.687500 2450.458008 0.019221 0.700000 2448.229248 0.024914 0.712500 2446.089600 0.030549 0.725000 2448.816895 0.027857 0.737500 2455.430664 0.021675 0.750000 2472.104492 0.023584 0.762500 2465.629395 0.016945 0.775000 2486.056152 0.010478 0.787500 2489.895020 0.012432 0.800000 2499.480957 0.017260 0.812500 2494.795898 0.020136 0.825000 2491.263672 0.019963 0.837500 2482.659424 0.019758 0.850000 2478.239990 0.021060 0.862500 2476.809082 0.021825 0.875000 2479.893555 0.019058 0.887500 2487.665283 0.014313 0.900000 2468.355225 0.011380 0.912500 2468.809570 0.013283 0.925000 2469.238770 0.014915 0.937500 2468.828857 0.015710 0.950000 2470.776123 0.017541 0.962500 2473.337891 0.021851 0.975000 2472.226562 0.023683 0.987500 2472.275635 0.021470 1.000000 2475.674316 0.018487 1.012500 2479.364258 0.018187 1.025000 2479.630371 0.016943 1.037500 2481.780518 0.015050 1.050000 2486.999023 0.016234 1.062500 2488.088623 0.018000 1.075000 2486.838867 0.016196 1.087500 2486.602539 0.012486 1.100000 2486.795410 0.012647 1.112500 2486.795410 0.000000
26 50 0.037500 0.662500
0.037500 1602.824951 0.004854 0.050000 1598.756470 0.006106 0.062500 1596.212769 0.005255 0.075000 1569.901123 0.007807 0.087500 1570.841187 0.008632 0.100000 1573.957642 0.009519 0.112500 1578.275269 0.009772 0.125000 1582.805176 0.008212 0.150000 1576.067505 0.005647 0.162500 1571.723389 0.007956 0.175000 1574.027954 0.008477 0.187500 1571.416504 0.007254 0.200000 1566.928345 0.006446 0.212500 1567.603394 0.005674 0.225000 1570.865723 0.005232 0.237500 1572.685425 0.004747 0.250000 1573.625488 0.003782 0.262500 1598.298828 0.003079 0.275000 1610.159058 0.004065 0.287500 1602.816528 0.004736 0.300000 1592.645874 0.006261 0.312500 1588.995483 0.009429 0.325000 1586.983154 0.011862 0.337500 1588.761963 0.011477 0.350000 1590.619141 0.009732 0.362500 1589.956177 0.008188 0.375000 1574.452393 0.007972 0.387500 1576.254639 0.007233 0.400000 1576.610840 0.006220 0.412500 1580.591309 0.005686 0.425000 1588.824341 0.005797 0.437500 1589.024292 0.005653 0.450000 1589.158569 0.006619 0.462500 1590.042603 0.007779 0.475000 1588.874023 0.007506 0.487500 1586.337891 0.006258 0.500000 1583.202271 0.005919 0.512500 1575.158081 0.006715 0.525000 1576.229492 0.006358 0.537500 1578.263794 0.005185 0.550000 1576.831543 0.004702 0.562500 1549.864380 0.012952 0.575000 1559.373535 0.013141 0.587500 1563.345703 0.012557 0.600000 1566.817871 0.009927 0.612500 1577.229370 0.008384 0.625000 1609.246460 0.040519 0.637500 1588.017578 0.013629 0.650000 1588.330444 0.015350 0.662500 1588.330444 0.000000
27 73 0.037500 0.962500
0.037500 763.671082 0.006743 0.050000 759.546204 0.008885 0.062500 753.986084 0.010935 0.075000 753.583862 0.013569 0.087500 756.708557 0.016532 0.100000 786.120544 0.034289 0.112500 796.510925 0.038486 0.125000 794.309326 0.031375 0.137500 789.203735 0.021566 0.150000 802.598755 0.017456 0.162500 820.677429 0.020238 0.187500 781.961487 0.069160 0.200000 779.167603 0.075631 0.212500 779.702515 0.075628 0.225000 782.704651 0.072239 0.237500 784.790771 0.059996 0.250000 752.059814 0.054192 0.275000 756.620056 0.066313 0.287500 754.371521 0.063514 0.300000 750.521729 0.054272 0.312500 746.967712 0.041559 0.325000 745.921387 0.029683 0.337500 749.181091 0.022900 0.350000 766.254028 0.033736 0.362500 764.557800 0.046874 0.375000 763.878174 0.049370 0.387500 763.412720 0.044376 0.400000 766.326599 0.037202 0.412500 772.786316 0.041554 0.425000 771.607788 0.047009 0.437500 761.969177 0.053387 0.450000 757.137817 0.068102 0.462500 755.154541 0.070337 0.475000 752.482849 0.059693 0.487500 749.401978 0.043074 0.500000 741.443604 0.031981 0.512500 736.352295 0.032558 0.525000 736.330505 0.027534 0.537500 747.217896 0.023685 0.550000 749.672729 0.023519 0.562500 779.083191 0.008648 0.575000 801.751038 0.007495 0.587500 797.252136 0.012803 0.600000 797.917053 0.020005 0.612500 800.550598 0.027966 0.625000 805.893188 0.034023 0.637500 812.932129 0.043519 0.650000 818.027771 0.052141 0.662500 820.386414 0.052390 0.675000 820.446655 0.051955 0.687500 819.830872 0.059086 0.700000 819.073975 0.067724 0.712500 818.761047 0.068672 0.725000 819.366821 0.062244 0.737500 821.146301 0.051245 0.750000 819.839355 0.036918 0.762500 816.929382 0.026080 0.775000 804.276428 0.024513 0.787500 793.437744 0.042430 0.800000 794.632385 0.046400 0.812500 796.576172 0.036996 0.825000 797.435608 0.023641 0.837500 796.964539 0.014227 0.850000 798.502808 0.011161 0.862500 801.373535 0.013641 0.875000 806.992920 0.017249 0.887500 810.745483 0.017248 0.900000 810.093994 0.014181 0.912500 808.758179 0.012820 0.925000 806.642273 0.012778 0.937500 807.401978 0.010100 0.950000 776.734985 0.008650 0.962500 776.734985 0.000000
28 55 0.037500 0.762500
0.037500 616.394165 0.006206 0.050000 616.768677 0.010857 0.062500 613.755676 0.015079 0.075000 604.299622 0.018810 0.087500 599.682739 0.019309 0.100000 607.986450 0.013108 0.112500 616.640381 0.011149 0.125000 624.577576 0.012941 0.137500 629.918213 0.017443 0.150000 636.913025 0.031887 0.187500 626.829407 0.053663 0.200000 629.849670 0.042708 0.212500 634.623474 0.041458 0.225000 636.995911 0.047768 0.237500 634.667847 0.046226 0.250000 631.697876 0.037777 0.262500 631.997437 0.026651 0.275000 631.750610 0.019082 0.287500 625.189148 0.017511 0.300000 620.746704 0.020062 0.312500 612.668762 0.020371 0.325000 613.022156 0.018353 0.337500 619.288940 0.016374 0.350000 639.096252 0.030566 0.362500 645.873413 0.026397 0.375000 650.852478 0.024441 0.387500 651.116821 0.022117 0.400000 634.866638 0.024375 0.412500 620.971619 0.016533 0.425000 617.476074 0.013167 0.437500 646.782104 0.039397 0.450000 644.984680 0.040005 0.462500 644.423767 0.032063 0.475000 639.203613 0.020247 0.487500 635.490540 0.019942 0.500000 617.235840 0.039192 0.512500 615.833008 0.045009 0.525000 610.381042 0.046032 0.537500 605.017212 0.039535 0.550000 600.611572 0.025133 0.562500 599.035461 0.015926 0.575000 602.558594 0.013617 0.587500 609.591553 0.016146 0.600000 609.451721 0.014362 0.612500 610.720764 0.011084 0.650000 614.431213 0.008627 0.662500 607.300598 0.010269 0.675000 607.523865 0.016281 0.687500 605.875488 0.022828 0.700000 594.384338 0.032163 0.712500 589.904785 0.042973 0.725000 589.929199 0.044197 0.737500 592.030945 0.041818 0.750000 592.508484 0.049022 0.762500 592.508484 0.000000
29 6 0.050000 0.112500
0.050000 2553.614258 0.032412 0.062500 2555.876465 0.039580 0.075000 2557.287109 0.037018 0.087500 2559.962891 0.030864 0.100000 2562.523682 0.032387 0.112500 2562.523682 0.000000
30 38 0.050000 0.550000
0.050000 215.149216 0.013217 0.062500 219.224945 0.014461 0.075000 226.580551 0.016493 0.087500 229.010117 0.013580 0.100000 228.416443 0.008216 0.112500 225.662170 0.006653 0.125000 220.567703 0.010123 0.137500 220.331924 0.012457 0.150000 213.065048 0.012574 0.175000 229.526398 0.002886 0.187500 211.994324 0.010853 0.200000 219.503311 0.013427 0.212500 219.802750 0.016607 0.225000 216.952652 0.017965 0.237500 216.119568 0.017314 0.250000 215.979416 0.015563 0.262500 215.284164 0.013605 0.275000 209.582993 0.010506 0.287500 205.925949 0.009320 0.300000 202.486618 0.012930 0.325000 221.301193 0.009976 0.337500 229.967621 0.007979 0.350000 234.615646 0.012203 0.362500 232.832718 0.015705 0.375000 232.411301 0.014783 0.387500 237.221725 0.011354 0.400000 237.441849 0.010068 0.412500 238.891724 0.011778 0.425000 236.835648 0.013086 0.437500 231.085098 0.014983 0.450000 217.752136 0.024195 0.462500 221.109467 0.027237 0.475000 221.301926 0.026909 0.487500 221.442307 0.028186 0.500000 221.552475 0.032865 0.512500 221.312485 0.036648 0.537500 230.451752 0.020681 0.550000 230.451752 0.000000
31 12 0.062500 0.237500
0.062500 2625.361084 0.042819 0.075000 2619.328613 0.055651 0.087500 2616.752197 0.058473 0.100000 2613.115723 0.045436 0.112500 2608.457764 0.032074 0.137500 2614.515137 0.030797 0.150000 2614.202148 0.029743 0.162500 2610.470459 0.023199 0.200000 2638.023682 0.041055 0.212500 2659.882324 0.031778 0.225000 2665.050049 0.025739 0.237500 2665.050049 0.000000
32 6 0.062500 0.137500
0.062500 1190.725586 0.046227 0.075000 1189.669067 0.026559 0.087500 1193.527832 0.020970 0.100000 1198.916382 0.026470 0.125000 1211.783325 0.042825 0.137500 1211.783325 0.000000
33 13 0.062500 0.225000
0.062500 1169.359375 0.034631 0.075000 1164.671387 0.027273 0.087500 1168.023560 0.021111 0.100000 1172.566040 0.022455 0.112500 1172.434814 0.023990 0.125000 1161.521606 0.022271 0.137500 1155.989380 0.022983 0.150000 1149.248291 0.022161 0.162500 1138.389771 0.022869 0.187500 1140.721069 0.018076 0.200000 1137.066406 0.018225 0.212500 1136.377319 0.017055 0.225000 1136.377319 0.000000
34 6 0.062500 0.150000
0.062500 11.273090 0.258149 0.075000 12.123810 0.255898 0.087500 8.509536 0.288536 0.125000 9.921225 0.192528 0.137500 10.291558 0.167950 0.150000 10.291558 0.000000
35 8 0.075000 0.162500
0.075000 817.180176 0.047956 0.087500 816.944153 0.054828 0.100000 817.075989 0.050863 0.112500 822.189209 0.037452 0.125000 825.656067 0.026150 0.137500 828.224304 0.020660 0.150000 828.113953 0.020282 0.162500 828.113953 0.000000
36 70 0.087500 0.987500
0.087500 951.872986 0.111834 0.100000 952.798645 0.108744 0.112500 953.229431 0.082408 0.125000 955.484924 0.056955 0.137500 961.815674 0.055001 0.150000 968.957092 0.077254 0.162500 969.493591 0.075103 0.175000 974.933411 0.055657 0.187500 995.953491 0.063509 0.200000 998.788940 0.066975 0.212500 999.610901 0.064918 0.225000 999.733521 0.059073 0.237500 999.434265 0.049594 0.250000 999.362793 0.038031 0.262500 1002.164429 0.028289 0.275000 1005.916321 0.024722 0.287500 1004.432373 0.023007 0.300000 1001.667114 0.024325 0.312500 999.436340 0.026690 0.325000 998.142029 0.025969 0.337500 998.481750 0.021005 0.350000 994.426941 0.016058 0.362500 987.841919 0.020714 0.375000 985.280151 0.027435 0.387500 979.579468 0.030087 0.400000 978.304504 0.028127 0.412500 977.133728 0.026826 0.425000 974.967651 0.030942 0.437500 975.772644 0.033985 0.450000 979.449219 0.031389 0.462500 982.456787 0.024088 0.500000 999.560974 0.006432 0.525000 1022.672729 0.019171 0.537500 1014.282349 0.019614 0.550000 999.943481 0.015095 0.562500 994.384460 0.014935 0.575000 991.735291 0.014953 0.587500 992.744934 0.013154 0.600000 994.741089 0.011033 0.612500 992.861389 0.010574 0.625000 992.093994 0.016832 0.637500 990.540771 0.030629 0.650000 966.183472 0.059444 0.662500 968.569397 0.080839 0.675000 969.005798 0.078806 0.687500 969.095459 0.061652 0.700000 970.418274 0.046433 0.712500 978.926575 0.042571 0.725000 988.174561 0.063504 0.737500 988.277588 0.070269 0.750000 987.791138 0.056659 0.762500 977.007690 0.035712 0.775000 975.961121 0.021114 0.787500 948.143677 0.022197 0.800000 946.808228 0.021976 0.812500 947.330444 0.019258 0.825000 946.910278 0.016084 0.837500 946.482178 0.012425 0.850000 951.039490 0.008867 0.862500 976.151489 0.017058 0.875000 973.818054 0.018638 0.887500 971.852600 0.020677 0.900000 969.194519 0.025537 0.912500 967.203430 0.028741 0.925000 976.543701 0.024280 0.937500 980.773376 0.021122 0.950000 975.426331 0.014546 0.962500 995.986816 0.012853 0.975000 998.396118 0.012476 0.987500 998.396118 0.000000
37 59 0.100000 0.825000
0.100000 558.767578 0.020413 0.112500 554.080933 0.025945 0.125000 552.700562 0.028538 0.137500 550.912109 0.027128 0.150000 548.100586 0.022707 0.162500 545.077332 0.019312 0.175000 544.147278 0.019065 0.187500 540.756226 0.019522 0.200000 531.176636 0.023324 0.212500 531.774048 0.023899 0.225000 534.100830 0.022811 0.237500 536.682861 0.022519 0.250000 539.700867 0.020659 0.262500 544.567688 0.017814 0.275000 548.833374 0.014854 0.287500 555.607666 0.016755 0.300000 557.672791 0.019821 0.312500 552.812744 0.017530 0.325000 549.581726 0.015641 0.337500 548.180237 0.016535 0.350000 548.292114 0.018064 0.362500 552.786926 0.016381 0.375000 554.944824 0.012498 0.387500 552.052979 0.008514 0.400000 524.240356 0.013491 0.412500 527.406372 0.019390 0.425000 526.875061 0.023339 0.437500 525.382690 0.025045 0.450000 523.742004 0.025741 0.462500 521.701477 0.027195 0.475000 519.190674 0.029620 0.487500 516.839600 0.030678 0.500000 516.836853 0.027045 0.512500 520.603516 0.020333 0.525000 518.660706 0.014030 0.537500 501.288391 0.016236 0.550000 512.156982 0.018005 0.562500 517.968506 0.020565 0.575000 518.174622 0.025946 0.587500 518.270569 0.033093 0.600000 517.770752 0.035570 0.612500 515.915222 0.032074 0.625000 515.149231 0.028500 0.637500 518.176819 0.025739 0.650000 522.389465 0.024184 0.662500 521.872070 0.019972 0.675000 519.491394 0.015002 0.687500 508.861267 0.011873 0.700000 512.059082 0.010056 0.712500 512.625671 0.015308 0.725000 503.457855 0.024085 0.737500 481.975250 0.036210 0.750000 487.213440 0.035645 0.762500 487.149170 0.023853 0.775000 490.314178 0.010700 0.787500 487.732025 0.004447 0.800000 516.246399 0.013870 0.812500 548.078491 0.029100 0.825000 548.078491 0.000000
38 7 0.112500 0.212500
0.112500 2658.935059 0.036722 0.125000 2658.424805 0.037029 0.162500 2662.122314 0.030399 0.175000 2656.818848 0.034894 0.187500 2645.879883 0.045676 0.200000 2651.611572 0.040348 0.212500 2651.611572 0.000000
39 4 0.112500 0.150000
0.112500 975.246521 0.045577 0.125000 982.151306 0.058141 0.137500 977.514404 0.060341 0.150000 977.514404 0.000000
40 7 0.112500 0.187500
0.112500 768.203308 0.035917 0.125000 764.848816 0.043286 0.137500 761.729675 0.051163 0.150000 756.625305 0.053684 0.162500 754.933350 0.049754 0.175000 760.555969 0.038203 0.187500 760.555969 0.000000
41 240 0.137500 3.275000
0.137500 35.247299 0.028723 0.162500 31.127892 0.031220 0.175000 32.246117 0.040803 0.212500 36.467590 0.041124 0.225000 35.390308 0.036734 0.237500 33.057018 0.040604 0.250000 35.999275 0.044586 0.262500 34.057148 0.044926 0.275000 35.439156 0.038017 0.287500 42.362751 0.035062 0.300000 45.300526 0.037079 0.312500 42.793461 0.031821 0.325000 41.088032 0.028183 0.337500 37.624958 0.032067 0.350000 38.906837 0.043525 0.362500 39.934704 0.056373 0.375000 40.891338 0.060040 0.387500 41.647507 0.053552 0.400000 41.714725 0.050444 0.412500 41.190327 0.059685 0.425000 42.307457 0.076277 0.437500 46.744286 0.087370 0.450000 47.489799 0.084641 0.462500 46.050484 0.076400 0.475000 43.135120 0.076585 0.487500 42.263695 0.081282 0.500000 43.322990 0.086186 0.512500 44.785038 0.094734 0.525000 46.619057 0.102458 0.537500 45.910374 0.097646 0.550000 45.038174 0.084551 0.562500 46.611610 0.072225 0.575000 50.120720 0.065044 0.587500 47.596519 0.051127 0.600000 47.413063 0.036838 0.612500 50.568253 0.030434 0.625000 51.502838 0.032295 0.637500 47.706856 0.036413 0.650000 46.044868 0.044115 0.662500 47.234390 0.048094 0.675000 49.920097 0.046057 0.687500 52.175194 0.043292 0.700000 56.806862 0.048124 0.712500 52.811546 0.046821 0.725000 48.904198 0.045670 0.737500 50.890686 0.045468 0.750000 55.209999 0.050341 0.762500 52.070396 0.051320 0.775000 49.862801 0.054706 0.787500 51.313316 0.062376 0.800000 54.469391 0.076762 0.812500 58.339314 0.095190 0.825000 58.665020 0.100696 0.837500 56.612041 0.088769 0.850000 55.641827 0.073347 0.862500 56.803345 0.060733 0.875000 58.900398 0.055059 0.887500 60.538418 0.055852 0.900000 61.684593 0.057145 0.912500 60.931995 0.050615 0.925000 60.911201 0.039574 0.937500 62.520885 0.033952 0.950000 64.732750 0.036557 0.962500 65.203918 0.038166 0.975000 63.893360 0.032593 0.987500 63.581329 0.022461 1.000000 66.550964 0.015005 1.012500 70.346878 0.017601 1.025000 68.434059 0.026307 1.037500 64.375717 0.037787 1.050000 62.394234 0.046644 1.062500 61.287109 0.050215 1.075000 60.751881 0.051231 1.087500 61.216808 0.050792 1.100000 64.089638 0.050220 1.112500 65.866699 0.054179 1.125000 65.407799 0.061183 1.137500 64.712883 0.066143 1.150000 67.375900 0.059930 1.162500 71.359360 0.050639 1.175000 70.866997 0.044155 1.187500 67.567986 0.046277 1.200000 67.262642 0.051371 1.212500 70.029816 0.055422 1.225000 71.174080 0.063515 1.237500 70.627113 0.069313 1.250000 70.417046 0.063300 1.262500 74.469063 0.046259 1.275000 76.294907 0.032002 1.287500 69.217934 0.025425 1.300000 61.466740 0.043009 1.312500 62.945461 0.056279 1.325000 65.501122 0.063146 1.337500 68.225052 0.061191 1.350000 71.335838 0.052954 1.362500 72.562256 0.047587 1.375000 71.308395 0.052624 1.387500 68.608955 0.069106 1.400000 66.209404 0.084236 1.412500 64.627731 0.086483 1.425000 63.144329 0.078046 1.437500 62.504272 0.065409 1.450000 63.706188 0.053806 1.462500 64.974808 0.047522 1.475000 64.694786 0.044104 1.487500 63.535458 0.040028 1.500000 61.259338 0.033382 1.512500 57.951347 0.029775 1.525000 56.253078 0.031590 1.537500 57.321388 0.032728 1.550000 58.161636 0.031636 1.562500 59.161880 0.028702 1.575000 63.340302 0.026773 1.587500 62.363667 0.026623 1.600000 59.334335 0.033744 1.612500 57.529240 0.046650 1.625000 56.763596 0.052526 1.637500 56.632690 0.051866 1.650000 56.418385 0.051396 1.662500 54.132870 0.049113 1.675000 52.386841 0.044370 1.687500 53.536663 0.041863 1.700000 60.156143 0.045813 1.712500 64.402328 0.048092 1.725000 68.402702 0.045987 1.737500 70.977150 0.049974 1.750000 67.689232 0.049866 1.762500 59.391026 0.049826 1.775000 52.008678 0.057748 1.787500 50.724186 0.061237 1.800000 52.040680 0.056734 1.812500 52.972336 0.048770 1.825000 51.130756 0.042629 1.837500 46.778091 0.045135 1.850000 41.986057 0.055586 1.862500 40.591251 0.062289 1.875000 38.134541 0.057310 1.887500 34.414108 0.039625 1.912500 45.538143 0.012168 1.925000 61.740204 0.021537 1.937500 86.415352 0.029393 1.950000 108.815468 0.009189 1.987500 83.647919 0.028245 2.000000 69.764801 0.031165 2.012500 74.229736 0.026898 2.025000 77.993805 0.025909 2.037500 76.591179 0.026806 2.050000 96.120872 0.018954 2.062500 94.565498 0.014807 2.075000 74.345589 0.029041 2.087500 78.027969 0.034179 2.100000 76.996765 0.036993 2.112500 71.250763 0.037087 2.125000 69.906273 0.037234 2.137500 72.923721 0.037077 2.175000 72.708305 0.023503 2.187500 70.566116 0.022770 2.200000 63.129505 0.022418 2.212500 57.997452 0.030376 2.225000 58.922707 0.042396 2.237500 61.594814 0.054280 2.250000 63.684933 0.058153 2.262500 68.305359 0.050267 2.275000 77.885811 0.042574 2.287500 81.273117 0.031167 2.300000 80.487778 0.019752 2.312500 73.227036 0.016778 2.325000 62.962151 0.029369 2.337500 52.874809 0.042940 2.350000 54.221779 0.044036 2.362500 55.929104 0.038539 2.375000 57.824883 0.039354 2.387500 64.559464 0.041955 2.400000 73.050957 0.040911 2.412500 80.234047 0.040156 2.425000 82.341469 0.038285 2.437500 79.285904 0.032227 2.450000 75.659279 0.027468 2.462500 66.519272 0.023610 2.475000 52.181549 0.035649 2.487500 55.867775 0.039596 2.500000 57.587925 0.043589 2.512500 57.659863 0.051775 2.525000 55.496769 0.057745 2.537500 54.926174 0.057096 2.550000 57.144127 0.052401 2.562500 58.654068 0.050850 2.575000 54.699261 0.048418 2.587500 50.210789 0.047123 2.600000 41.736721 0.036680 2.612500 33.936680 0.036665 2.637500 41.594406 0.026831 2.650000 46.759888 0.026915 2.662500 46.585106 0.025906 2.675000 43.096802 0.024156 2.687500 59.242081 0.019287 2.700000 58.061581 0.020165 2.712500 52.985573 0.024778 2.725000 48.103077 0.031261 2.737500 43.354004 0.025777 2.750000 35.802479 0.027375 2.775000 39.888618 0.032524 2.787500 44.018829 0.032677 2.800000 47.511646 0.032671 2.812500 50.268848 0.034348 2.825000 53.589130 0.032864 2.837500 57.994530 0.030031 2.850000 61.128803 0.030046 2.862500 65.757774 0.031669 2.875000 75.779198 0.032083 2.887500 77.631584 0.032854 2.900000 73.039070 0.032661 2.912500 62.533817 0.046021 2.925000 60.559322 0.049514 2.937500 56.350761 0.048523 2.950000 54.144238 0.050636 2.962500 55.694912 0.051805 2.975000 59.070362 0.052724 2.987500 59.553734 0.049133 3.000000 58.003582 0.041485 3.012500 58.137596 0.036848 3.025000 60.005226 0.038142 3.037500 61.438049 0.039685 3.050000 62.130470 0.032291 3.062500 66.937141 0.021651 3.075000 70.181396 0.015808 3.087500 80.318985 0.014914 3.100000 82.439842 0.014761 3.112500 95.250031 0.010101 3.125000 97.710823 0.010203 3.137500 98.795319 0.014044 3.150000 102.207558 0.019059 3.162500 102.484230 0.020657 3.175000 99.557503 0.017783 3.187500 90.841934 0.014909 3.200000 84.095192 0.016323 3.212500 106.210083 0.004269 3.225000 132.107803 0.005031 3.262500 143.289276 0.011356 3.275000 143.289276 0.000000
42 4 0.150000 0.187500
0.150000 997.318970 0.033051 0.162500 997.363708 0.037641 0.175000 992.244446 0.053041 0.187500 992.244446 0.000000
43 24 0.162500 0.537500
0.162500 782.210144 0.038123 0.175000 786.021912 0.057003 0.200000 805.706665 0.047262 0.212500 803.878906 0.043379 0.250000 779.209656 0.036613 0.287500 811.490967 0.032098 0.300000 806.416138 0.030226 0.312500 799.989502 0.027709 0.325000 799.178040 0.027163 0.337500 802.572876 0.026331 0.350000 810.575867 0.025788 0.362500 814.806152 0.021507 0.375000 815.972412 0.017819 0.387500 814.036621 0.019405 0.400000 792.865662 0.030202 0.412500 789.539795 0.039366 0.437500 791.697571 0.026092 0.450000 796.570801 0.015976 0.462500 794.492981 0.009403 0.475000 790.822693 0.007958 0.500000 776.925476 0.018732 0.512500 776.117126 0.018123 0.525000 767.367126 0.020528 0.537500 767.367126 0.000000
44 65 0.162500 1.075000
0.162500 52.949310 0.011433 0.187500 61.245590 0.023088 0.200000 65.895264 0.033756 0.212500 67.004051 0.048106 0.225000 67.526878 0.064887 0.237500 66.549416 0.076189 0.250000 65.267952 0.077723 0.262500 64.431641 0.071093 0.275000 63.472168 0.062265 0.287500 62.426189 0.056299 0.300000 65.832596 0.051364 0.312500 70.168465 0.057305 0.325000 71.283394 0.068661 0.337500 70.269096 0.079249 0.350000 69.085876 0.085140 0.362500 69.072189 0.081010 0.375000 70.070572 0.071638 0.387500 70.693787 0.067761 0.400000 71.400536 0.072929 0.412500 71.399673 0.078011 0.425000 68.472816 0.068298 0.450000 74.108063 0.021220 0.462500 74.222618 0.020957 0.475000 80.472191 0.033836 0.487500 79.792572 0.043692 0.500000 76.358665 0.044344 0.512500 72.552757 0.050355 0.525000 67.744392 0.067595 0.537500 70.630547 0.076399 0.550000 72.922096 0.074326 0.562500 71.355713 0.065937 0.575000 66.742592 0.057144 0.587500 72.897423 0.040626 0.600000 77.684357 0.026169 0.612500 95.330772 0.016014 0.625000 98.586624 0.011457 0.637500 95.533936 0.015134 0.650000 79.963814 0.030154 0.662500 78.081810 0.042282 0.675000 77.772224 0.050345 0.687500 78.050804 0.059918 0.700000 77.213654 0.071709 0.712500 76.497856 0.079165 0.725000 77.182648 0.079529 0.737500 77.487015 0.074838 0.750000 78.429222 0.064062 0.762500 80.180038 0.050558 0.775000 82.489601 0.042500 0.787500 82.935120 0.043809 0.800000 78.969582 0.051521 0.837500 81.723412 0.033630 0.850000 84.185371 0.022645 0.862500 84.172363 0.016547 0.875000 85.197113 0.017215 0.912500 99.076096 0.010698 0.925000 121.313316 0.017290 0.950000 123.828377 0.031315 0.962500 123.919815 0.034349 0.975000 127.450935 0.039022 1.012500 119.602852 0.024960 1.025000 121.971840 0.021490 1.037500 134.570602 0.027630 1.050000 131.230072 0.027673 1.062500 132.286987 0.034456 1.075000 132.286987 0.000000
45 53 0.175000 0.925000
0.175000 2723.510498 0.032572 0.187500 2724.318848 0.034512 0.200000 2721.591797 0.031386 0.237500 2735.298096 0.003181 0.262500 2721.670166 0.021476 0.275000 2724.498779 0.024823 0.287500 2724.690430 0.023565 0.312500 2694.322998 0.011383 0.337500 2679.282471 0.042322 0.350000 2679.051025 0.050602 0.362500 2680.803711 0.041884 0.375000 2714.640381 0.017660 0.387500 2737.658691 0.029531 0.400000 2734.200928 0.048526 0.412500 2733.018555 0.065265 0.425000 2730.695801 0.063483 0.437500 2725.546875 0.048526 0.450000 2725.795654 0.033075 0.462500 2730.161621 0.027713 0.475000 2740.364990 0.037113 0.487500 2742.884766 0.043188 0.500000 2743.400879 0.041443 0.512500 2739.546143 0.034245 0.525000 2736.989990 0.030498 0.537500 2734.916016 0.027456 0.575000 2739.500244 0.012817 0.587500 2713.969238 0.008068 0.600000 2685.254150 0.023073 0.612500 2673.671875 0.025973 0.625000 2669.387695 0.025176 0.637500 2668.603027 0.021676 0.650000 2699.699219 0.026263 0.662500 2730.109863 0.019209 0.675000 2731.676025 0.023310 0.687500 2736.420898 0.026876 0.700000 2737.698730 0.029101 0.712500 2735.776855 0.029499 0.725000 2732.707520 0.032465 0.737500 2731.287842 0.036455 0.750000 2729.203857 0.041569 0.762500 2722.286865 0.049793 0.775000 2721.013184 0.051180 0.787500 2724.017578 0.041320 0.800000 2726.481689 0.035266 0.825000 2708.356934 0.037125 0.837500 2706.964355 0.047503 0.850000 2703.176270 0.054316 0.862500 2696.635742 0.052098 0.875000 2692.271484 0.045201 0.887500 2692.100830 0.033588 0.900000 2702.135742 0.022683 0.912500 2719.365479 0.020366 0.925000 2719.365479 0.000000
46 11 0.175000 0.375000
0.175000 2637.108643 0.032878 0.212500 2633.719238 0.029497 0.237500 2635.706299 0.018439 0.250000 2633.610107 0.020443 0.262500 2633.511230 0.022159 0.275000 2638.939209 0.022010 0.287500 2644.735840 0.021495 0.312500 2651.869873 0.022297 0.325000 2650.930908 0.027107 0.362500 2609.829346 0.021221 0.375000 2609.829346 0.000000
47 36 0.175000 0.737500
0.175000 476.503113 0.007995 0.187500 470.568237 0.006960 0.200000 472.581390 0.006312 0.237500 478.838043 0.005810 0.262500 462.831299 0.008187 0.275000 461.449554 0.007841 0.312500 484.099609 0.006896 0.350000 460.745422 0.008322 0.375000 461.315155 0.008704 0.387500 469.517242 0.011050 0.400000 469.062805 0.013239 0.412500 465.787048 0.014695 0.425000 462.713562 0.013304 0.437500 478.629761 0.010877 0.450000 477.582062 0.011244 0.462500 468.199738 0.014541 0.475000 462.463531 0.021772 0.487500 458.471161 0.025898 0.500000 457.075043 0.024969 0.512500 462.200867 0.018481 0.525000 491.147339 0.021001 0.562500 456.896912 0.021810 0.575000 461.119415 0.024997 0.587500 465.453461 0.024249 0.600000 466.716919 0.021688 0.612500 463.327820 0.018023 0.625000 462.341553 0.015724 0.637500 467.561127 0.015176 0.650000 470.578339 0.018037 0.662500 476.989319 0.019787 0.675000 484.999390 0.025524 0.687500 484.089172 0.025292 0.700000 479.682373 0.021700 0.712500 475.599365 0.024843 0.725000 475.082184 0.031924 0.737500 475.082184 0.000000
48 28 0.175000 0.550000
0.175000 394.197876 0.015912 0.187500 388.584259 0.012753 0.200000 383.340698 0.011891 0.237500 409.773010 0.008588 0.250000 405.357147 0.009730 0.262500 402.409149 0.008758 0.275000 395.242462 0.008871 0.287500 393.224762 0.014146 0.300000 394.605011 0.023350 0.312500 396.588867 0.033487 0.325000 397.820282 0.035875 0.337500 399.374268 0.026212 0.350000 412.206238 0.015402 0.362500 418.029663 0.011503 0.375000 425.169189 0.012114 0.387500 411.191437 0.009525 0.400000 428.545074 0.004178 0.425000 406.637024 0.012802 0.437500 404.736145 0.012334 0.450000 429.116699 0.008512 0.462500 430.670807 0.008311 0.475000 424.689911 0.007020 0.487500 424.110382 0.008374 0.500000 405.025574 0.011658 0.512500 408.133789 0.012869 0.525000 405.698212 0.012253 0.537500 401.156403 0.013767 0.550000 401.156403 0.000000
49 16 0.187500 0.375000
0.187500 947.170471 0.021460 0.200000 940.517029 0.021489 0.212500 942.365112 0.025129 0.225000 946.355713 0.030663 0.237500 954.292236 0.030046 0.250000 966.575500 0.024948 0.262500 970.836426 0.022044 0.275000 966.801025 0.016900 0.287500 952.928772 0.022958 0.300000 952.586731 0.032604 0.312500 953.453613 0.042274 0.325000 954.278503 0.045184 0.337500 953.585266 0.034781 0.350000 941.097595 0.022203 0.362500 962.177307 0.014026 0.375000 962.177307 0.000000
50 7 0.187500 0.275000
0.187500 740.108154 0.024969 0.200000 740.647278 0.024077 0.212500 745.569824 0.031044 0.225000 748.337708 0.040850 0.237500 750.713684 0.049007 0.262500 754.582336 0.059396 0.275000 754.582336 0.000000
51 8 0.225000 0.312500
0.225000 2798.795166 0.032457 0.237500 2802.673096 0.038329 0.250000 2802.330078 0.045181 0.262500 2800.771729 0.048902 0.275000 2800.594727 0.043674 0.287500 2798.830322 0.030154 0.300000 2791.815918 0.020691 0.312500 2791.815918 0.000000
52 229 0.225000 3.187500
0.225000 1544.927246 0.002252 0.237500 1544.888428 0.001283 0.275000 1554.370850 0.001002 0.287500 1541.191040 0.003242 0.300000 1542.259888 0.007207 0.312500 1541.016235 0.013850 0.325000 1542.721191 0.020896 0.337500 1546.228882 0.024903 0.350000 1548.403564 0.024152 0.362500 1546.906250 0.018908 0.375000 1544.141602 0.014540 0.387500 1542.633301 0.013297 0.400000 1540.995117 0.014456 0.412500 1536.713257 0.016878 0.425000 1534.738892 0.018115 0.437500 1534.463379 0.016537 0.450000 1534.955322 0.013094 0.462500 1537.995361 0.008707 0.475000 1534.089722 0.005443 0.487500 1554.513306 0.007247 0.500000 1520.763794 0.012576 0.512500 1520.203979 0.011262 0.525000 1517.719360 0.009071 0.537500 1516.079346 0.007529 0.550000 1500.371826 0.008584 0.562500 1500.451538 0.008793 0.575000 1501.520508 0.008930 0.587500 1501.817627 0.010210 0.600000 1504.485107 0.011199 0.612500 1515.882446 0.012215 0.625000 1529.099121 0.012182 0.637500 1531.891235 0.012814 0.650000 1531.911621 0.014027 0.662500 1537.454346 0.015187 0.675000 1518.528687 0.012174 0.687500 1517.336182 0.020858 0.700000 1515.271851 0.028838 0.712500 1507.672852 0.032307 0.725000 1503.894897 0.030832 0.737500 1503.448364 0.021435 0.750000 1499.799561 0.010950 0.762500 1514.006470 0.003219 0.775000 1488.941284 0.008016 0.787500 1489.585815 0.010079 0.800000 1489.924561 0.014072 0.812500 1492.082397 0.016045 0.825000 1497.495483 0.013974 0.837500 1499.461670 0.010149 0.850000 1500.075439 0.008092 0.862500 1501.995483 0.008574 0.875000 1505.707397 0.009646 0.887500 1505.962402 0.008825 0.900000 1504.291260 0.006613 0.912500 1501.332764 0.004457 0.925000 1503.427368 0.002623 0.937500 1505.272583 0.002601 0.950000 1482.278076 0.007427 0.962500 1501.363892 0.011536 0.975000 1503.020996 0.015868 0.987500 1502.284058 0.015141 1.000000 1488.477539 0.010842 1.012500 1481.201416 0.009576 1.025000 1480.441162 0.007606 1.037500 1481.491699 0.006247 1.050000 1481.577881 0.006166 1.062500 1487.596680 0.005969 1.075000 1496.447144 0.006891 1.087500 1494.310547 0.005983 1.100000 1484.280518 0.005326 1.112500 1478.478271 0.006886 1.125000 1478.147583 0.007330 1.137500 1479.875366 0.006339 1.150000 1479.210083 0.004655 1.162500 1479.622070 0.004455 1.187500 1487.149414 0.009929 1.200000 1481.748413 0.010056 1.212500 1479.776611 0.008158 1.225000 1488.544922 0.006380 1.237500 1489.306396 0.006956 1.250000 1515.316162 0.010931 1.262500 1513.464722 0.011678 1.275000 1506.664673 0.010787 1.287500 1499.713379 0.014795 1.300000 1478.752808 0.019322 1.312500 1490.115845 0.027605 1.325000 1486.241455 0.024638 1.337500 1485.464600 0.016324 1.350000 1487.876343 0.010459 1.362500 1497.089966 0.009860 1.375000 1504.007202 0.010193 1.387500 1509.855835 0.010529 1.400000 1514.404175 0.009963 1.412500 1516.828369 0.007187 1.425000 1519.706299 0.004829 1.437500 1522.444824 0.005469 1.450000 1535.611572 0.008069 1.462500 1541.851685 0.010362 1.475000 1545.061157 0.009583 1.487500 1548.168091 0.007692 1.500000 1563.879883 0.006258 1.512500 1566.642822 0.005109 1.525000 1587.599121 0.004413 1.537500 1599.284302 0.006473 1.550000 1600.273315 0.006545 1.562500 1600.697876 0.005862 1.575000 1600.280518 0.005210 1.587500 1593.874756 0.004102 1.600000 1574.680420 0.003736 1.612500 1570.766113 0.004285 1.625000 1571.509644 0.004045 1.637500 1570.392944 0.003619 1.650000 1558.831299 0.003595 1.662500 1561.462524 0.002885 1.675000 1533.002075 0.002603 1.687500 1533.144409 0.002432 1.700000 1522.438477 0.002728 1.712500 1520.619385 0.003159 1.725000 1521.449829 0.003296 1.737500 1545.654785 0.004194 1.750000 1542.914917 0.003819 1.762500 1569.658447 0.004191 1.775000 1568.427246 0.005382 1.787500 1571.961548 0.005410 1.800000 1574.807007 0.004763 1.812500 1578.274292 0.003767 1.825000 1546.824707 0.008542 1.837500 1551.276855 0.011052 1.850000 1545.978394 0.011060 1.862500 1539.191406 0.018178 1.875000 1564.533325 0.023182 1.887500 1537.121826 0.039898 1.900000 1537.534058 0.034609 1.912500 1537.093872 0.023839 1.925000 1536.584839 0.016584 1.937500 1535.267090 0.014911 1.950000 1534.209595 0.014552 1.962500 1536.620850 0.011925 1.975000 1539.033691 0.008680 1.987500 1539.362671 0.006938 2.000000 1541.368774 0.007288 2.012500 1565.251831 0.009020 2.025000 1567.984619 0.008283 2.037500 1584.359985 0.007178 2.050000 1587.712402 0.006254 2.062500 1597.443237 0.006780 2.075000 1593.050171 0.006542 2.087500 1592.875854 0.006657 2.100000 1610.718262 0.008254 2.112500 1607.804443 0.009509 2.125000 1612.792847 0.008762 2.137500 1617.652222 0.008428 2.150000 1614.463867 0.006307 2.162500 1601.823364 0.005041 2.175000 1587.234863 0.006751 2.187500 1584.100220 0.006978 2.200000 1580.378906 0.006650 2.212500 1576.458008 0.006076 2.225000 1579.063965 0.004861 2.237500 1586.028931 0.004676 2.250000 1592.717041 0.005996 2.262500 1593.361816 0.006330 2.275000 1590.535400 0.005234 2.287500 1586.612915 0.004339 2.300000 1576.853027 0.004339 2.312500 1583.545532 0.003591 2.325000 1593.619751 0.002257 2.337500 1602.509277 0.002193 2.350000 1602.607178 0.003132 2.362500 1579.765503 0.005233 2.375000 1570.930054 0.007941 2.387500 1575.705200 0.008200 2.400000 1575.710571 0.007120 2.412500 1575.927856 0.006864 2.425000 1578.550171 0.007565 2.437500 1580.657104 0.007809 2.450000 1583.728027 0.006602 2.462500 1586.347900 0.005009 2.475000 1601.545288 0.004232 2.487500 1603.163696 0.003328 2.500000 1601.688477 0.002420 2.512500 1597.811890 0.002806 2.525000 1564.998169 0.005628 2.537500 1590.873901 0.005433 2.550000 1589.433838 0.004664 2.562500 1585.754517 0.003757 2.587500 1600.523560 0.002400 2.600000 1569.435303 0.004086 2.612500 1591.659912 0.002001 2.625000 1592.025146 0.002445 2.650000 1607.931152 0.005427 2.662500 1631.977417 0.006679 2.675000 1633.992920 0.006933 2.687500 1641.089478 0.007953 2.700000 1642.367676 0.005998 2.712500 1628.349243 0.002836 2.737500 1605.216309 0.001910 2.750000 1604.849487 0.002045 2.762500 1590.584229 0.003558 2.775000 1588.776245 0.003563 2.787500 1614.248291 0.004024 2.800000 1616.040527 0.004709 2.812500 1636.345459 0.010531 2.825000 1609.320923 0.005844 2.837500 1604.562256 0.005002 2.862500 1630.361816 0.006104 2.875000 1639.614014 0.008871 2.887500 1641.621460 0.012633 2.900000 1604.328491 0.000559 2.925000 1627.155396 0.006164 2.950000 1605.219604 0.002882 2.962500 1585.996704 0.004657 2.975000 1594.640015 0.004914 2.987500 1596.876465 0.003902 3.000000 1630.922363 0.011525 3.012500 1622.979492 0.012674 3.025000 1617.969360 0.013482 3.037500 1610.860840 0.012576 3.050000 1604.767456 0.010158 3.062500 1598.313110 0.009879 3.075000 1598.504272 0.010604 3.087500 1618.685791 0.014848 3.100000 1620.185913 0.020360 3.112500 1624.982056 0.024634 3.125000 1624.466675 0.021507 3.137500 1625.953369 0.014885 3.150000 1640.563477 0.015801 3.162500 1644.364746 0.015271 3.175000 1656.856567 0.020501 3.187500 1656.856567 0.000000
53 122 0.250000 2.025000
0.250000 2549.575928 0.016175 0.262500 2549.670654 0.014308 0.287500 2551.854492 0.016307 0.300000 2551.626709 0.013345 0.312500 2555.995361 0.010957 0.325000 2550.858398 0.010357 0.337500 2548.649658 0.013963 0.362500 2533.467041 0.012182 0.375000 2555.104004 0.012754 0.387500 2549.189209 0.016146 0.400000 2553.919678 0.020317 0.412500 2533.515381 0.017051 0.425000 2533.339355 0.019166 0.462500 2532.394043 0.012169 0.475000 2557.740479 0.014700 0.500000 2587.036621 0.013741 0.525000 2522.395752 0.012958 0.537500 2522.573242 0.013936 0.562500 2495.502930 0.017406 0.575000 2497.862793 0.020493 0.587500 2479.314453 0.014257 0.600000 2478.246094 0.012698 0.637500 2490.500488 0.022868 0.650000 2489.089111 0.024140 0.675000 2508.930664 0.016241 0.687500 2506.266846 0.012771 0.700000 2501.045166 0.012837 0.712500 2501.627930 0.015188 0.725000 2498.238770 0.021230 0.737500 2504.952148 0.023594 0.750000 2508.975098 0.021577 0.762500 2515.124023 0.020361 0.775000 2518.973389 0.023423 0.787500 2519.110107 0.021504 0.812500 2539.728027 0.020378 0.825000 2538.304199 0.025145 0.837500 2531.673340 0.026966 0.850000 2553.966064 0.023474 0.862500 2552.576660 0.023565 0.875000 2551.724121 0.021469 0.887500 2556.464844 0.018446 0.900000 2559.405762 0.019028 0.912500 2558.438232 0.022814 0.950000 2521.320312 0.019858 0.962500 2534.852783 0.016769 0.975000 2539.377686 0.021960 1.012500 2514.348145 0.011000 1.025000 2521.974365 0.010879 1.037500 2501.222656 0.006589 1.075000 2518.087891 0.015991 1.087500 2515.387695 0.020194 1.100000 2514.475830 0.022571 1.112500 2510.045166 0.020110 1.125000 2502.102783 0.017955 1.137500 2503.054443 0.013836 1.150000 2505.855957 0.011468 1.162500 2511.404297 0.010908 1.175000 2524.581055 0.011733 1.187500 2527.023193 0.012434 1.225000 2515.232422 0.020691 1.250000 2538.267578 0.024908 1.262500 2537.321777 0.014787 1.275000 2516.024902 0.015646 1.287500 2518.223389 0.021222 1.300000 2515.403564 0.034517 1.312500 2516.410156 0.048655 1.325000 2517.961914 0.056865 1.337500 2518.812744 0.053339 1.350000 2517.171875 0.039214 1.362500 2514.888184 0.025932 1.375000 2509.520264 0.022958 1.387500 2498.081055 0.038485 1.400000 2500.101807 0.043857 1.412500 2502.156006 0.037289 1.425000 2502.586426 0.027147 1.437500 2502.638428 0.023703 1.450000 2522.028809 0.022799 1.462500 2509.179443 0.031660 1.475000 2511.546875 0.028083 1.487500 2512.597656 0.023751 1.500000 2512.156494 0.022146 1.512500 2500.458496 0.021788 1.525000 2500.373779 0.019038 1.537500 2505.791260 0.014150 1.550000 2511.685547 0.019613 1.562500 2510.263428 0.027049 1.575000 2508.497803 0.031640 1.587500 2509.848389 0.028989 1.600000 2509.997070 0.024450 1.612500 2508.725586 0.025251 1.625000 2505.747070 0.031870 1.637500 2504.636963 0.035670 1.650000 2497.725342 0.031357 1.662500 2492.871826 0.030884 1.675000 2491.879395 0.027897 1.687500 2515.099854 0.028329 1.700000 2515.726807 0.024830 1.712500 2520.290283 0.024731 1.725000 2492.038086 0.019230 1.737500 2499.349854 0.023246 1.750000 2498.154297 0.022904 1.762500 2496.244385 0.019439 1.775000 2493.348877 0.016933 1.787500 2489.736816 0.015601 1.800000 2484.923584 0.015505 1.812500 2478.363770 0.016369 1.825000 2462.592041 0.031392 1.837500 2458.510254 0.040215 1.850000 2450.118896 0.041254 1.862500 2441.992432 0.041136 1.875000 2440.062500 0.039644 1.887500 2443.190674 0.031979 1.900000 2455.546631 0.028137 1.912500 2459.101807 0.023782 1.925000 2453.023438 0.018935 1.937500 2450.587402 0.021760 1.950000 2448.854492 0.023137 1.962500 2448.705078 0.020964 1.975000 2451.045410 0.019840 2.000000 2456.303223 0.022413 2.012500 2448.845947 0.017825 2.025000 2448.845947 0.000000
54 7 0.262500 0.387500
0.262500 9.507586 0.109195 0.275000 12.490525 0.087440 0.287500 8.765675 0.078330 0.325000 19.600983 0.019548 0.362500 12.160933 0.044439 0.375000 10.549991 0.092278 0.387500 10.549991 0.000000
55 15 0.325000 0.512500
0.325000 1163.648926 0.011604 0.337500 1157.971680 0.018057 0.350000 1153.726929 0.031333 0.362500 1150.642700 0.050759 0.375000 1148.254150 0.070404 0.387500 1144.866089 0.079126 0.400000 1138.732300 0.073333 0.412500 1128.890625 0.062790 0.425000 1119.835449 0.057766 0.437500 1120.385376 0.046541 0.462500 1098.239380 0.023006 0.475000 1099.446777 0.024770 0.487500 1098.678955 0.021509 0.500000 1119.035278 0.020836 0.512500 1119.035278 0.000000
56 56 0.350000 1.075000
0.350000 2826.367920 0.028596 0.362500 2827.813721 0.035646 0.375000 2827.769043 0.041615 0.387500 2828.278809 0.047389 0.400000 2829.100586 0.048554 0.412500 2826.997803 0.038666 0.425000 2820.622559 0.028290 0.437500 2817.198730 0.028933 0.450000 2819.287109 0.030248 0.462500 2824.716797 0.030354 0.475000 2824.921875 0.027868 0.487500 2823.851318 0.026772 0.500000 2820.553955 0.027214 0.512500 2816.964111 0.027849 0.525000 2816.781006 0.026057 0.537500 2821.838623 0.024309 0.550000 2823.995117 0.027074 0.562500 2819.230713 0.027866 0.575000 2814.291016 0.031311 0.587500 2815.786621 0.031024 0.600000 2817.857666 0.032102 0.612500 2817.383301 0.031621 0.625000 2817.833496 0.025774 0.637500 2824.066650 0.018740 0.650000 2827.354492 0.017914 0.662500 2853.321777 0.018849 0.675000 2853.544678 0.017209 0.687500 2876.365723 0.014944 0.700000 2887.199219 0.012982 0.712500 2903.645508 0.030918 0.725000 2900.201660 0.031008 0.737500 2898.331299 0.025128 0.750000 2898.040039 0.017331 0.762500 2898.799316 0.012945 0.775000 2900.204590 0.011686 0.787500 2915.041016 0.014111 0.800000 2918.121582 0.017405 0.812500 2916.579590 0.015859 0.825000 2916.663818 0.011567 0.837500 2919.242432 0.008816 0.850000 2921.218018 0.009106 0.862500 2921.463379 0.009159 0.900000 2905.318359 0.016532 0.912500 2911.485352 0.032095 0.925000 2916.738770 0.041042 0.937500 2928.334229 0.039474 0.962500 2910.365723 0.038552 0.975000 2930.230469 0.072789 0.987500 2935.557373 0.077727 1.000000 2940.544922 0.082104 1.012500 2942.636963 0.090008 1.025000 2942.302490 0.091692 1.037500 2939.295898 0.082240 1.050000 2937.721191 0.066853 1.062500 2938.557129 0.048765 1.075000 2938.557129 0.000000
57 14 0.350000 0.512500
0.350000 1338.347778 0.013064 0.362500 1336.054443 0.018696 0.375000 1336.217529 0.027505 0.387500 1336.842407 0.035605 0.400000 1336.712524 0.039271 0.412500 1336.690308 0.036724 0.425000 1336.770020 0.028820 0.437500 1336.291260 0.019612 0.450000 1335.319092 0.012799 0.462500 1324.696411 0.009122 0.475000 1323.024536 0.008509 0.487500 1326.091309 0.008002 0.500000 1327.440308 0.008656 0.512500 1327.440308 0.000000
58 78 0.350000 1.312500
0.350000 891.505371 0.044914 0.362500 891.231079 0.071338 0.375000 891.796814 0.092664 0.387500 890.013367 0.100477 0.400000 886.677124 0.103265 0.412500 884.183716 0.102372 0.425000 884.858154 0.081996 0.437500 889.446655 0.056689 0.450000 889.020508 0.043174 0.462500 869.929138 0.049062 0.475000 876.072876 0.044756 0.487500 876.879578 0.033469 0.500000 877.316650 0.029419 0.512500 877.315552 0.034858 0.525000 877.205566 0.039926 0.537500 880.084595 0.035972 0.550000 882.628662 0.027242 0.562500 884.094482 0.020897 0.575000 886.318604 0.019442 0.587500 884.725708 0.019281 0.600000 879.720520 0.022391 0.612500 852.779663 0.042287 0.625000 859.721252 0.054617 0.637500 861.419312 0.057806 0.650000 863.528442 0.053947 0.662500 864.419495 0.052525 0.675000 862.712463 0.054510 0.687500 862.648865 0.055444 0.700000 870.677673 0.053351 0.712500 874.059265 0.052529 0.725000 875.277771 0.044838 0.737500 876.393311 0.037425 0.750000 876.811401 0.027329 0.762500 884.104797 0.016826 0.775000 889.492065 0.013658 0.787500 913.086548 0.021499 0.800000 913.025330 0.021117 0.812500 906.485352 0.019402 0.825000 899.441895 0.020523 0.837500 898.354858 0.016568 0.850000 891.536499 0.010095 0.862500 890.230896 0.007473 0.875000 912.816406 0.011647 0.887500 910.411560 0.010986 0.900000 911.403076 0.009283 0.912500 910.600464 0.009231 0.925000 927.771545 0.008631 0.937500 929.029602 0.010527 0.950000 952.888062 0.020270 0.962500 961.061401 0.021536 0.975000 963.421326 0.022646 0.987500 964.270569 0.019929 1.000000 964.199768 0.014248 1.012500 968.731750 0.007529 1.025000 970.331909 0.004013 1.037500 966.217041 0.004878 1.050000 960.683594 0.009824 1.062500 959.792542 0.014052 1.075000 957.886963 0.014956 1.087500 949.191772 0.012893 1.100000 941.233215 0.010835 1.112500 936.428589 0.007960 1.125000 934.202271 0.008608 1.137500 935.194397 0.012567 1.150000 932.779907 0.019619 1.162500 927.987915 0.033405 1.175000 925.480225 0.058658 1.187500 923.163391 0.097620 1.200000 921.540344 0.141293 1.212500 921.514465 0.161647 1.225000 922.305237 0.146378 1.237500 924.181030 0.107576 1.250000 929.379944 0.077184 1.262500 937.146973 0.084076 1.275000 938.762085 0.087442 1.287500 941.738403 0.071003 1.300000 919.249023 0.029457 1.312500 919.249023 0.000000
59 151 0.362500 2.362500
0.362500 731.929077 0.004810 0.400000 733.342102 0.013621 0.412500 731.973511 0.026236 0.425000 725.272522 0.042502 0.437500 722.168518 0.060774 0.450000 720.141479 0.074509 0.462500 716.518616 0.078193 0.475000 710.958923 0.069985 0.487500 705.638855 0.057967 0.500000 705.337036 0.043735 0.512500 707.508911 0.034181 0.525000 705.811646 0.030705 0.550000 708.100342 0.035876 0.562500 714.050293 0.047343 0.575000 716.467834 0.055529 0.587500 718.157837 0.052022 0.600000 722.216736 0.038052 0.612500 725.879578 0.025682 0.625000 723.043762 0.016367 0.637500 702.214050 0.022017 0.650000 704.278320 0.023955 0.662500 705.264099 0.022161 0.675000 704.898499 0.018696 0.700000 732.694641 0.025677 0.712500 733.839844 0.027348 0.725000 756.339417 0.048677 0.737500 737.249084 0.052558 0.750000 729.658569 0.069804 0.762500 715.903381 0.083747 0.775000 714.373291 0.066931 0.787500 713.481995 0.050675 0.800000 713.991882 0.041180 0.812500 712.462280 0.032969 0.825000 713.726196 0.022434 0.837500 698.857971 0.013069 0.850000 673.221313 0.034576 0.862500 678.478516 0.033101 0.875000 681.006592 0.029187 0.887500 678.835327 0.022055 0.900000 676.684875 0.018787 0.912500 676.344849 0.017953 0.925000 676.383789 0.017405 0.937500 676.578857 0.015798 0.950000 682.306152 0.012934 0.962500 691.539124 0.013309 0.975000 698.284790 0.014121 0.987500 710.861084 0.016549 1.000000 713.661499 0.021798 1.012500 713.532959 0.022287 1.025000 709.385071 0.019403 1.037500 703.179504 0.019356 1.050000 700.777100 0.020315 1.062500 700.911560 0.018192 1.075000 707.905273 0.014998 1.087500 709.886719 0.014092 1.100000 710.151001 0.013106 1.112500 713.663086 0.010432 1.125000 714.633728 0.009158 1.137500 711.375916 0.011754 1.150000 709.940613 0.017485 1.162500 713.209961 0.020661 1.175000 713.460571 0.018611 1.187500 706.665588 0.013938 1.200000 700.609070 0.013880 1.212500 694.634338 0.015797 1.225000 689.845581 0.015990 1.237500 686.508911 0.015390 1.250000 685.335022 0.012283 1.262500 683.289185 0.010062 1.275000 681.739197 0.012872 1.287500 678.917725 0.021064 1.300000 678.031189 0.033978 1.312500 678.919067 0.048313 1.325000 680.816895 0.057614 1.337500 681.844055 0.056097 1.350000 680.838379 0.047361 1.362500 678.765198 0.044396 1.375000 677.210205 0.052819 1.387500 678.674805 0.060569 1.400000 684.466309 0.061611 1.412500 686.584717 0.057803 1.425000 683.835571 0.047936 1.437500 677.965942 0.044217 1.450000 671.783936 0.040390 1.462500 667.584045 0.036452 1.475000 667.326599 0.033782 1.487500 671.376343 0.032096 1.500000 676.087097 0.029957 1.512500 679.468628 0.024677 1.525000 683.410828 0.021692 1.537500 687.914307 0.020692 1.550000 683.629700 0.014827 1.562500 677.590576 0.013208 1.575000 679.111572 0.015163 1.587500 682.417664 0.019548 1.600000 678.636841 0.022741 1.612500 673.960266 0.026563 1.625000 671.123840 0.028463 1.637500 668.402161 0.022718 1.650000 662.066650 0.015003 1.662500 662.388916 0.008576 1.675000 662.152283 0.005420 1.687500 659.306335 0.007847 1.700000 681.608826 0.023569 1.712500 679.125793 0.025695 1.725000 682.996033 0.025068 1.737500 691.163147 0.022627 1.750000 701.764343 0.025434 1.762500 702.855957 0.026028 1.775000 703.613953 0.022846 1.787500 701.531921 0.017696 1.800000 700.401733 0.014734 1.837500 671.416748 0.022898 1.850000 672.232422 0.026780 1.862500 671.355164 0.031768 1.875000 669.688354 0.038156 1.887500 669.222412 0.045694 1.900000 670.161072 0.057698 1.912500 673.159302 0.071393 1.925000 675.000732 0.076381 1.937500 673.538269 0.065088 1.950000 672.060669 0.048700 1.962500 676.203430 0.033204 1.975000 680.195618 0.029196 1.987500 681.619202 0.027995 2.000000 682.181580 0.024534 2.012500 683.736206 0.024944 2.025000 686.410889 0.032350 2.037500 687.227844 0.036542 2.050000 684.130127 0.028770 2.062500 675.223511 0.018924 2.075000 669.234680 0.021501 2.087500 667.002319 0.024784 2.100000 664.304260 0.024957 2.112500 662.104919 0.026982 2.125000 660.469849 0.026099 2.137500 652.219177 0.021456 2.150000 644.809387 0.017543 2.162500 640.458435 0.012564 2.175000 640.056091 0.008585 2.187500 642.699524 0.007739 2.200000 653.806091 0.010807 2.212500 655.904602 0.013544 2.225000 658.678711 0.014156 2.237500 663.027161 0.014766 2.250000 665.906738 0.014105 2.262500 664.716187 0.010211 2.275000 662.264832 0.005631 2.312500 689.496765 0.009833 2.350000 660.313721 0.007210 2.362500 660.313721 0.000000
60 5 0.387500 0.487500
0.387500 2642.797119 0.035731 0.400000 2645.292236 0.037494 0.437500 2630.771484 0.031884 0.475000 2637.443848 0.034780 0.487500 2637.443848 0.000000
61 4 0.412500 0.462500
0.412500 2559.656982 0.028639 0.425000 2563.684814 0.041172 0.450000 2559.830322 0.037449 0.462500 2559.830322 0.000000
62 15 0.450000 0.637500
0.450000 836.956726 0.024302 0.462500 835.435120 0.027503 0.475000 836.037781 0.029460 0.487500 835.669373 0.029487 0.500000 833.166138 0.024637 0.512500 830.574585 0.017709 0.525000 829.565369 0.014660 0.537500 822.981384 0.016397 0.550000 820.969971 0.019164 0.562500 826.205017 0.017476 0.575000 843.348755 0.023049 0.587500 842.516174 0.030354 0.600000 845.646790 0.035756 0.625000 832.811462 0.017352 0.637500 832.811462 0.000000
63 10 0.450000 0.637500
0.450000 15.541760 0.101320 0.462500 19.957655 0.063237 0.475000 14.601774 0.043728 0.512500 11.594254 0.067364 0.525000 9.858381 0.098656 0.562500 11.892891 0.186953 0.575000 12.202585 0.211556 0.612500 11.375868 0.266688 0.625000 10.501951 0.322648 0.637500 10.501951 0.000000
64 11 0.462500 0.587500
0.462500 2700.592773 0.017345 0.475000 2696.040527 0.017125 0.487500 2712.762207 0.013651 0.500000 2713.213867 0.013038 0.512500 2693.668701 0.017648 0.525000 2681.261230 0.034131 0.537500 2708.387695 0.022284 0.550000 2716.222656 0.022539 0.562500 2712.295410 0.017895 0.575000 2710.995605 0.011923 0.587500 2710.995605 0.000000
65 67 0.512500 1.362500
0.512500 643.867859 0.029845 0.525000 647.731750 0.030033 0.537500 649.626526 0.024797 0.550000 642.544983 0.016741 0.562500 640.753601 0.012855 0.575000 638.755127 0.011726 0.587500 626.710144 0.014710 0.600000 633.703491 0.014262 0.612500 639.742981 0.017227 0.625000 654.367371 0.027330 0.637500 655.787720 0.029243 0.650000 657.999512 0.033200 0.662500 656.418640 0.043059 0.675000 652.583252 0.061796 0.687500 650.113037 0.079107 0.700000 645.876831 0.078180 0.712500 644.277161 0.062948 0.725000 648.954834 0.040929 0.737500 632.341614 0.029977 0.750000 628.678467 0.047665 0.762500 638.149902 0.058422 0.775000 640.091125 0.057827 0.787500 640.755066 0.046130 0.800000 640.013000 0.037469 0.812500 638.073914 0.035997 0.825000 639.298767 0.035994 0.837500 643.926270 0.036299 0.850000 643.331238 0.033206 0.862500 640.330017 0.028561 0.875000 639.983643 0.023574 0.887500 642.778137 0.018518 0.900000 640.150269 0.013877 0.912500 618.192627 0.026974 0.925000 619.648560 0.023521 0.937500 619.717468 0.018467 0.950000 619.894653 0.014365 0.962500 613.923340 0.011740 0.975000 607.201355 0.016624 0.987500 606.656921 0.021963 1.000000 608.893005 0.023168 1.012500 611.974487 0.018862 1.025000 615.570068 0.011726 1.037500 615.726929 0.008313 1.050000 613.642883 0.011674 1.062500 613.072815 0.017524 1.075000 618.343140 0.019357 1.087500 625.568604 0.018508 1.100000 630.075073 0.014896 1.112500 629.978882 0.009240 1.125000 629.938171 0.006522 1.137500 631.356873 0.007040 1.150000 626.716064 0.007849 1.162500 624.122192 0.009747 1.175000 621.844116 0.014316 1.187500 620.379822 0.019810 1.200000 618.955505 0.021005 1.212500 613.221130 0.016105 1.225000 606.652527 0.011623 1.237500 602.282104 0.010513 1.250000 602.860291 0.009522 1.262500 605.989014 0.008124 1.275000 602.534973 0.006861 1.287500 599.167908 0.008669 1.325000 597.568054 0.009547 1.337500 599.897644 0.007398 1.350000 583.224426 0.009543 1.362500 583.224426 0.000000
66 6 0.537500 0.600000
0.537500 2683.169678 0.040132 0.550000 2682.179932 0.039830 0.562500 2682.281982 0.035275 0.575000 2686.751465 0.028860 0.587500 2687.876953 0.025250 0.600000 2687.876953 0.000000
67 70 0.537500 1.450000
0.537500 2593.028809 0.034128 0.550000 2590.291748 0.045888 0.562500 2589.949219 0.050026 0.575000 2591.103027 0.043499 0.587500 2590.475342 0.032689 0.600000 2561.821533 0.037823 0.612500 2564.497559 0.037965 0.625000 2566.548828 0.035344 0.637500 2571.258301 0.033589 0.650000 2575.363770 0.033651 0.662500 2577.258057 0.030298 0.675000 2581.480469 0.026087 0.687500 2582.513672 0.027083 0.700000 2578.254883 0.030880 0.712500 2549.456787 0.057681 0.725000 2542.769775 0.044355 0.737500 2574.210449 0.047711 0.750000 2584.026123 0.054972 0.762500 2586.963379 0.055688 0.775000 2588.688721 0.041769 0.787500 2590.278564 0.024149 0.800000 2561.209717 0.020681 0.812500 2565.881348 0.021985 0.825000 2572.130859 0.028485 0.837500 2575.918701 0.028289 0.862500 2614.782471 0.025375 0.875000 2611.935303 0.022763 0.887500 2610.213623 0.019677 0.900000 2607.644531 0.018165 0.925000 2555.960205 0.029207 0.937500 2556.203125 0.031184 0.950000 2560.608887 0.026269 0.962500 2564.344727 0.024009 0.975000 2564.694092 0.023917 0.987500 2548.365967 0.029538 1.000000 2548.672852 0.035244 1.012500 2547.382080 0.034730 1.025000 2546.354248 0.036675 1.037500 2546.051025 0.045834 1.050000 2546.623047 0.056681 1.062500 2547.248535 0.061389 1.075000 2547.587158 0.059440 1.087500 2548.866943 0.056759 1.100000 2551.370117 0.057333 1.112500 2553.430420 0.057868 1.125000 2554.480957 0.051567 1.137500 2556.639404 0.037635 1.150000 2560.916260 0.023725 1.162500 2565.252686 0.014765 1.175000 2559.159912 0.007786 1.187500 2554.525391 0.009072 1.200000 2537.444824 0.012783 1.212500 2543.329102 0.020047 1.225000 2541.665771 0.025662 1.237500 2538.940674 0.029044 1.275000 2575.951660 0.024061 1.287500 2575.385498 0.022709 1.300000 2563.677979 0.019301 1.312500 2559.030518 0.022043 1.325000 2558.910645 0.027444 1.337500 2558.846436 0.034667 1.350000 2557.326416 0.037260 1.362500 2557.729248 0.033828 1.375000 2558.915527 0.034491 1.387500 2559.216797 0.043182 1.400000 2557.294678 0.051495 1.412500 2557.148682 0.049641 1.425000 2561.969482 0.038413 1.437500 2572.606201 0.036915 1.450000 2572.606201 0.000000
68 14 0.537500 0.725000
0.537500 728.135498 0.016001 0.575000 756.273682 0.009125 0.587500 766.023193 0.011416 0.600000 766.506958 0.016723 0.612500 763.900818 0.020737 0.625000 763.801575 0.021021 0.637500 756.417175 0.013274 0.650000 752.424622 0.012181 0.662500 752.385254 0.022276 0.675000 754.591736 0.038429 0.687500 757.519958 0.050709 0.700000 760.098755 0.058972 0.712500 760.493713 0.060243 0.725000 760.493713 0.000000
69 7 0.562500 0.637500
0.562500 356.695374 0.006185 0.575000 370.780640 0.019587 0.587500 366.323700 0.030221 0.600000 366.464478 0.034912 0.612500 368.180664 0.028807 0.625000 368.164368 0.021776 0.637500 368.164368 0.000000
70 24 0.575000 0.862500
0.575000 1044.652710 0.026103 0.587500 1044.453369 0.031776 0.600000 1043.359619 0.035934 0.612500 1042.724609 0.038892 0.625000 1045.263550 0.039000 0.637500 1046.369385 0.040774 0.650000 1044.387451 0.045175 0.662500 1038.622559 0.051282 0.675000 1035.600952 0.050186 0.687500 1034.393555 0.039607 0.700000 1035.629150 0.026690 0.712500 1037.660645 0.017184 0.725000 1034.694336 0.012811 0.737500 1029.501953 0.014945 0.750000 1033.152588 0.015888 0.762500 1035.480347 0.016030 0.775000 1032.018799 0.015142 0.787500 1005.277344 0.030528 0.800000 1004.476379 0.026118 0.812500 1003.119263 0.019201 0.825000 999.690552 0.012952 0.837500 983.191895 0.012994 0.850000 978.883545 0.015425 0.862500 978.883545 0.000000
71 4 0.587500 0.625000
0.587500 1616.146729 0.013058 0.600000 1607.759277 0.023273 0.612500 1607.453613 0.034595 0.625000 1607.453613 0.000000
72 11 0.587500 0.725000
0.587500 240.267609 0.010652 0.600000 244.513870 0.013808 0.612500 245.021652 0.014846 0.625000 243.160095 0.012536 0.637500 241.342743 0.010122 0.662500 251.266235 0.007945 0.675000 251.801010 0.010254 0.687500 248.936020 0.017561 0.700000 247.105270 0.029582 0.712500 249.783325 0.036397 0.725000 249.783325 0.000000
73 5 0.600000 0.650000
0.600000 966.815735 0.012208 0.612500 968.218323 0.011046 0.625000 964.221924 0.014846 0.637500 963.695374 0.032113 0.650000 963.695374 0.000000
74 25 0.600000 0.950000
0.600000 440.193604 0.009486 0.612500 425.533936 0.002449 0.637500 443.178650 0.008072 0.650000 443.953644 0.007081 0.675000 450.280457 0.014086 0.687500 444.370300 0.016921 0.700000 443.900452 0.018007 0.712500 450.249695 0.016265 0.737500 434.738495 0.004990 0.750000 454.276123 0.013469 0.762500 455.578735 0.006367 0.775000 438.333069 0.010172 0.787500 433.483795 0.009620 0.800000 431.115936 0.008671 0.812500 433.196442 0.007505 0.837500 448.031616 0.008034 0.850000 468.784454 0.014029 0.862500 467.206909 0.023230 0.875000 468.037964 0.032107 0.887500 466.689117 0.033602 0.900000 466.194183 0.028853 0.912500 467.410065 0.023968 0.925000 467.924774 0.020844 0.937500 461.708923 0.018234 0.950000 461.708923 0.000000
75 8 0.600000 0.725000
0.600000 389.595032 0.036147 0.612500 385.942993 0.024667 0.625000 389.888336 0.022123 0.662500 380.995392 0.037880 0.675000 374.067657 0.030637 0.700000 390.759521 0.014536 0.712500 392.346466 0.015053 0.725000 392.346466 0.000000
76 9 0.612500 0.800000
0.612500 2539.119873 0.013551 0.625000 2536.245117 0.013051 0.662500 2539.288086 0.016265 0.687500 2545.455811 0.034168 0.700000 2549.065186 0.052791 0.737500 2539.853760 0.027937 0.775000 2555.210449 0.010809 0.787500 2564.953857 0.018011 0.800000 2564.953857 0.000000
77 48 0.612500 1.337500
0.612500 1555.466797 0.006119 0.650000 1567.445557 0.008041 0.675000 1545.679321 0.026549 0.700000 1554.994385 0.050852 0.712500 1584.403320 0.016374 0.737500 1555.903442 0.010295 0.750000 1539.102905 0.018195 0.762500 1542.009033 0.018047 0.775000 1546.871582 0.014450 0.787500 1559.188599 0.014619 0.800000 1561.677856 0.016134 0.812500 1555.025391 0.013083 0.825000 1548.237183 0.012541 0.837500 1545.909668 0.012047 0.850000 1545.475708 0.010346 0.862500 1550.878296 0.007400 0.875000 1557.010376 0.005808 0.887500 1561.762451 0.005144 0.900000 1564.482910 0.005766 0.937500 1561.792236 0.007442 0.950000 1563.332397 0.008148 0.962500 1563.673950 0.008783 0.975000 1561.484619 0.007663 0.987500 1559.198242 0.005989 1.000000 1559.081665 0.005990 1.012500 1563.612061 0.007288 1.025000 1568.744019 0.007929 1.037500 1567.362183 0.006091 1.050000 1565.868164 0.004102 1.062500 1558.312500 0.003311 1.075000 1526.972168 0.007043 1.087500 1532.137817 0.007920 1.100000 1532.829590 0.008548 1.112500 1532.542725 0.008283 1.125000 1546.989990 0.007056 1.137500 1554.936646 0.007373 1.150000 1562.259277 0.007934 1.162500 1564.182739 0.007827 1.175000 1564.069336 0.007118 1.187500 1554.828979 0.006999 1.225000 1549.009644 0.005607 1.237500 1549.949341 0.002632 1.262500 1541.675659 0.003316 1.287500 1551.265991 0.011217 1.300000 1546.682861 0.011376 1.312500 1564.369263 0.007245 1.325000 1583.424561 0.004077 1.337500 1583.424561 0.000000
78 26 0.612500 0.975000
0.612500 213.280426 0.020960 0.625000 215.828949 0.019961 0.637500 215.023102 0.019972 0.650000 214.619324 0.019978 0.662500 216.203720 0.017325 0.675000 213.144318 0.014402 0.687500 210.134872 0.015482 0.700000 194.448227 0.013770 0.725000 219.285782 0.017095 0.737500 218.964096 0.017510 0.762500 204.047226 0.015226 0.775000 205.227676 0.022535 0.787500 208.304062 0.031297 0.800000 207.152252 0.032142 0.812500 203.591644 0.023146 0.825000 198.415039 0.013892 0.837500 192.003418 0.014058 0.862500 216.473663 0.023069 0.875000 212.517090 0.025415 0.887500 210.811371 0.024614 0.900000 211.893112 0.019048 0.912500 202.067612 0.014775 0.937500 217.957703 0.027605 0.950000 210.860153 0.029800 0.962500 205.164886 0.025397 0.975000 205.164886 0.000000
79 16 0.625000 0.837500
0.625000 2405.348633 0.030223 0.637500 2406.476074 0.035807 0.650000 2408.395264 0.040417 0.662500 2415.538818 0.038544 0.675000 2418.220459 0.035415 0.687500 2418.660400 0.035407 0.700000 2417.501953 0.035303 0.712500 2414.593262 0.028522 0.737500 2414.538818 0.015452 0.750000 2424.459229 0.016129 0.762500 2427.608887 0.017436 0.775000 2431.316406 0.016830 0.787500 2424.312012 0.012913 0.812500 2454.147461 0.023544 0.825000 2454.139404 0.018594 0.837500 2454.139404 0.000000
80 17 0.637500 0.862500
0.637500 2614.484131 0.009599 0.650000 2611.176758 0.007185 0.662500 2611.628906 0.008461 0.675000 2614.306885 0.011132 0.700000 2627.150391 0.017831 0.712500 2626.399658 0.017657 0.725000 2623.507324 0.016219 0.737500 2623.942139 0.019395 0.750000 2627.805176 0.027887 0.762500 2630.923828 0.034682 0.775000 2634.200928 0.030829 0.787500 2636.581543 0.022501 0.800000 2637.756592 0.015910 0.825000 2615.225342 0.018141 0.837500 2619.226318 0.022698 0.850000 2619.717041 0.026275 0.862500 2619.717041 0.000000
81 113 0.637500 2.100000
0.637500 1611.685181 0.042959 0.650000 1611.135620 0.043056 0.662500 1605.397827 0.043495 0.675000 1599.324463 0.048727 0.687500 1602.861816 0.039978 0.700000 1609.380737 0.030534 0.712500 1618.898438 0.021517 0.725000 1593.224365 0.018229 0.737500 1593.035767 0.018323 0.750000 1599.919312 0.013775 0.762500 1606.185791 0.011816 0.775000 1607.930786 0.010848 0.787500 1607.257202 0.010910 0.800000 1603.375854 0.010447 0.812500 1598.696655 0.008952 0.825000 1582.718994 0.007751 0.837500 1606.374756 0.005782 0.850000 1606.208618 0.008102 0.862500 1605.090210 0.011349 0.875000 1603.164673 0.012573 0.887500 1599.234375 0.011901 0.900000 1595.850586 0.011209 0.912500 1594.004272 0.010362 0.925000 1594.398438 0.008852 0.937500 1596.477783 0.007394 0.950000 1597.309937 0.006764 0.962500 1597.260742 0.006929 0.975000 1602.354004 0.007315 0.987500 1607.417480 0.009552 1.000000 1609.601562 0.011610 1.012500 1609.069458 0.012182 1.025000 1607.771118 0.012458 1.037500 1606.707397 0.013337 1.050000 1603.834961 0.013054 1.062500 1597.741577 0.010781 1.075000 1593.018799 0.008847 1.087500 1592.054077 0.007485 1.100000 1595.234009 0.006291 1.112500 1596.827026 0.005201 1.125000 1588.709595 0.004186 1.137500 1607.965088 0.003263 1.150000 1635.533081 0.002744 1.162500 1659.581543 0.003006 1.187500 1586.821655 0.009227 1.200000 1583.758301 0.009526 1.212500 1587.282104 0.009958 1.225000 1599.902710 0.015244 1.237500 1599.259521 0.016819 1.250000 1597.497070 0.016698 1.262500 1595.465820 0.018461 1.275000 1594.969727 0.021767 1.287500 1596.946045 0.022337 1.300000 1602.895874 0.018833 1.312500 1606.030273 0.014019 1.325000 1607.897339 0.008918 1.337500 1589.544312 0.006828 1.350000 1586.476807 0.008776 1.362500 1588.992676 0.009063 1.375000 1600.321045 0.008680 1.387500 1608.786987 0.009089 1.400000 1609.470703 0.008265 1.412500 1610.509033 0.006040 1.425000 1617.770752 0.004834 1.437500 1619.360718 0.005128 1.450000 1595.459106 0.006527 1.462500 1575.181519 0.006034 1.475000 1574.252441 0.005483 1.487500 1571.879639 0.005444 1.525000 1603.469238 0.004867 1.537500 1635.013672 0.005127 1.562500 1659.536743 0.006804 1.575000 1658.922363 0.007220 1.587500 1661.616211 0.006243 1.612500 1640.333740 0.006215 1.625000 1617.728394 0.006010 1.637500 1614.337646 0.008005 1.650000 1611.041748 0.008637 1.662500 1608.632324 0.008165 1.675000 1610.423218 0.006960 1.687500 1614.786499 0.006573 1.700000 1627.573853 0.006986 1.712500 1630.099487 0.006366 1.725000 1634.150513 0.006708 1.737500 1632.302979 0.008036 1.750000 1605.478882 0.010580 1.762500 1622.859985 0.021525 1.775000 1625.562256 0.029195 1.787500 1631.717163 0.032034 1.800000 1640.125244 0.031174 1.812500 1644.459351 0.026496 1.825000 1641.934814 0.016712 1.837500 1631.585938 0.011282 1.850000 1620.702148 0.012653 1.862500 1618.109497 0.014510 1.875000 1615.371948 0.017151 1.887500 1610.705200 0.016412 1.900000 1610.661987 0.012497 1.912500 1612.756226 0.010082 1.925000 1591.086304 0.008758 1.937500 1571.204590 0.008604 1.950000 1569.379150 0.007642 1.962500 1572.503784 0.005589 1.975000 1583.789062 0.006184 1.987500 1594.029175 0.006884 2.000000 1598.461182 0.008723 2.012500 1597.861938 0.008498 2.025000 1603.359375 0.006133 2.037500 1611.566895 0.006248 2.050000 1610.481567 0.006983 2.062500 1611.245239 0.007398 2.075000 1621.341431 0.008540 2.087500 1620.902466 0.008729 2.100000 1620.902466 0.000000
